ลำดับ,รหัสสถานบริการ,,ชื่อสถานบริการ,,ตำบล/แขวงที่ตั้ง,อำเภอ/เขตที่ตั้ง,,จังหวัดที่ตั้ง,สปสช.เขตที่ตั้ง,,สถานะการขึ้นทะเบียน,,,สังกัดหลัก,สังกัดย่อย
3,11466,,สถานพยาบาลทัณฑสถานหญิงกลาง,,ลาดยาว,เขตจตุจักร,,กรุงเทพฯ,เขต 13 กรุงเทพมหานคร,,หน่วยบริการในระบบหลักประกันสุขภาพแห่งชาติ,,,รัฐนอก สธ.,สังกัดกระทรวงยุติธรรม
4,11467,,สถานพยาบาลเรือนจำพิเศษกรุงเทพมหานคร,,ลาดยาว,เขตจตุจักร,,กรุงเทพฯ,เขต 13 กรุงเทพมหานคร,,หน่วยบริการในระบบหลักประกันสุขภาพแห่งชาติ,,,รัฐนอก สธ.,สังกัดกระทรวงยุติธรรม
5,11468,,ทัณฑสถานโรงพยาบาลราชทัณฑ์,,ลาดยาว,เขตจตุจักร,,กรุงเทพฯ,เขต 13 กรุงเทพมหานคร,,หน่วยบริการในระบบหลักประกันสุขภาพแห่งชาติ,,,รัฐนอก สธ.,สังกัดกระทรวงยุติธรรม
6,11469,,โรงพยาบาลเลิดสิน,,สีลม,เขตบางรัก,,กรุงเทพฯ,เขต 13 กรุงเทพมหานคร,,หน่วยบริการในระบบหลักประกันสุขภาพแห่งชาติ,,,รัฐในสธ.(นอก สป.),สังกัดกรมการแพทย์
7,11470,,โรงพยาบาลนพรัตนราชธานี,,คันนายาว,เขตคันนายาว,,กรุงเทพฯ,เขต 13 กรุงเทพมหานคร,,หน่วยบริการในระบบหลักประกันสุขภาพแห่งชาติ,,,รัฐในสธ.(นอก สป.),สังกัดกรมการแพทย์
8,11471,,โรงพยาบาลสงฆ์,,ทุ่งพญาไท,เขตราชเทวี,,กรุงเทพฯ,เขต 13 กรุงเทพมหานคร,,หน่วยบริการในระบบหลักประกันสุขภาพแห่งชาติ,,,รัฐในสธ.(นอก สป.),สังกัดกรมการแพทย์
9,11472,,โรงพยาบาลราชวิถี,,ทุ่งพญาไท,เขตราชเทวี,,กรุงเทพฯ,เขต 13 กรุงเทพมหานคร,,หน่วยบริการในระบบหลักประกันสุขภาพแห่งชาติ,,,รัฐในสธ.(นอก สป.),สังกัดกรมการแพทย์
10,11477,,โรงพยาบาลทหารผ่านศึก,,สามเสนใน,เขตพญาไท,,กรุงเทพฯ,เขต 13 กรุงเทพมหานคร,,หน่วยบริการในระบบหลักประกันสุขภาพแห่งชาติ,,,รัฐนอก สธ.,สังกัดกระทรวงกลาโหม
11,11478,,โรงพยาบาลสมเด็จพระปิ่นเกล้า,,บุคคโล,เขตธนบุรี,,กรุงเทพฯ,เขต 13 กรุงเทพมหานคร,,หน่วยบริการในระบบหลักประกันสุขภาพแห่งชาติ,,,รัฐนอก สธ.,สังกัดกระทรวงกลาโหม
12,11479,,โรงพยาบาลทหารเรือกรุงเทพ,,บางนา,เขตบางนา,,กรุงเทพฯ,เขต 13 กรุงเทพมหานคร,,หน่วยบริการในระบบหลักประกันสุขภาพแห่งชาติ,,,รัฐนอก สธ.,สังกัดกระทรวงกลาโหม
13,11481,,โรงพยาบาลพระมงกุฎเกล้า,,ทุ่งพญาไท,เขตราชเทวี,,กรุงเทพฯ,เขต 13 กรุงเทพมหานคร,,หน่วยบริการในระบบหลักประกันสุขภาพแห่งชาติ,,,รัฐนอก สธ.,สังกัดกระทรวงกลาโหม
14,11482,,โรงพยาบาลภูมิพลอดุลยเดช,,คลองถนน,เขตสายไหม,,กรุงเทพฯ,เขต 13 กรุงเทพมหานคร,,หน่วยบริการในระบบหลักประกันสุขภาพแห่งชาติ,,,รัฐนอก สธ.,สังกัดกระทรวงกลาโหม
15,11531,,โรงพยาบาลการไฟฟ้านครหลวง,,ถนนนครไชยศรี,เขตดุสิต,,กรุงเทพฯ,เขต 13 กรุงเทพมหานคร,,หน่วยบริการในระบบหลักประกันสุขภาพแห่งชาติ,,,รัฐนอก สธ.,สังกัดกระทรวงมหาดไทย / สำนักงานตำรวจแห่งชาติ
19,11535,,โรงพยาบาลวชิรโรงพยาบาล คณะแพทยศาสตร์วชิรพยาบาล มหาวิทยาลัยนวมินทราธิราช,,วชิรพยาบาล,เขตดุสิต,,กรุงเทพฯ,เขต 13 กรุงเทพมหานคร,,หน่วยบริการในระบบหลักประกันสุขภาพแห่งชาติ,,,รัฐนอก สธ.,สังกัดกรุงเทพมหานคร
20,11536,,โรงพยาบาลเวชการุณย์รัศมิ์,,กระทุ่มราย,เขตหนองจอก,,กรุงเทพฯ,เขต 13 กรุงเทพมหานคร,,หน่วยบริการในระบบหลักประกันสุขภาพแห่งชาติ,,,รัฐนอก สธ.,สังกัดกรุงเทพมหานคร
21,11537,,โรงพยาบาลกลาง,,วัดเทพศิรินทร์,เขตป้อมปราบศัตรูพ่าย,,กรุงเทพฯ,เขต 13 กรุงเทพมหานคร,,หน่วยบริการในระบบหลักประกันสุขภาพแห่งชาติ,,,รัฐนอก สธ.,สังกัดกรุงเทพมหานคร
22,11538,,โรงพยาบาลนคราภิบาล,,ลาดกระบัง,เขตลาดกระบัง,,กรุงเทพฯ,เขต 13 กรุงเทพมหานคร,,หน่วยบริการในระบบหลักประกันสุขภาพแห่งชาติ,,,รัฐนอก สธ.,สังกัดกรุงเทพมหานคร
23,11539,,โรงพยาบาลตากสิน,,คลองสาน,เขตคลองสาน,,กรุงเทพฯ,เขต 13 กรุงเทพมหานคร,,หน่วยบริการในระบบหลักประกันสุขภาพแห่งชาติ,,,รัฐนอก สธ.,สังกัดกรุงเทพมหานคร
24,11540,,โรงพยาบาลหลวงพ่อทวีศักดิ์ ชุตินฺธโร อุทิศ,,หนองแขม,เขตหนองแขม,,กรุงเทพฯ,เขต 13 กรุงเทพมหานคร,,หน่วยบริการในระบบหลักประกันสุขภาพแห่งชาติ,,,รัฐนอก สธ.,สังกัดกรุงเทพมหานคร
25,11541,,โรงพยาบาลเจริญกรุงประชารักษ์,,บางคอแหลม,เขตบางคอแหลม,,กรุงเทพฯ,เขต 13 กรุงเทพมหานคร,,หน่วยบริการในระบบหลักประกันสุขภาพแห่งชาติ,,,รัฐนอก สธ.,สังกัดกรุงเทพมหานคร
26,11543,,โรงพยาบาลมิชชั่นโรงพยาบาลทั่วไปขนาดใหญ่,,สี่แยกมหานาค,เขตดุสิต,,กรุงเทพฯ,เขต 13 กรุงเทพมหานคร,,หน่วยบริการในระบบหลักประกันสุขภาพแห่งชาติ,,,เอกชน,โรงพยาบาล (เอกชน)
28,11548,,โรงพยาบาลกรุงเทพคริสเตียนโรงพยาบาลทั่วไปขนาดใหญ่,,สุริยวงศ์,เขตบางรัก,,กรุงเทพฯ,เขต 13 กรุงเทพมหานคร,,หน่วยบริการในระบบหลักประกันสุขภาพแห่งชาติ,,,เอกชน,โรงพยาบาล (เอกชน)
29,11552,,โรงพยาบาลไอเอ็มเอช สีลม โรงพยาบาลทั่วไปขนาดใหญ่,,สุริยวงศ์,เขตบางรัก,,กรุงเทพฯ,เขต 13 กรุงเทพมหานคร,,หน่วยบริการในระบบหลักประกันสุขภาพแห่งชาติ,,,เอกชน,โรงพยาบาล (เอกชน)
30,11558,,โรงพยาบาลซีจีเอชโรงพยาบาลทั่วไปขนาดใหญ่,,อนุสาวรีย์,เขตบางเขน,,กรุงเทพฯ,เขต 13 กรุงเทพมหานคร,,หน่วยบริการในระบบหลักประกันสุขภาพแห่งชาติ,,,เอกชน,โรงพยาบาล (เอกชน)
31,11559,,โรงพยาบาลศณิสา โรงพยาบาลทั่วไปขนาดเล็ก,,ทุ่งสองห้อง,เขตหลักสี่,,กรุงเทพฯ,เขต 13 กรุงเทพมหานคร,,หน่วยบริการในระบบหลักประกันสุขภาพแห่งชาติ,,,เอกชน,โรงพยาบาล (เอกชน)
32,11560,,โรงพยาบาลทั่วไปขนาดใหญ่เปาโล เกษตร,,ลาดยาว,เขตจตุจักร,,กรุงเทพฯ,เขต 13 กรุงเทพมหานคร,,หน่วยบริการในระบบหลักประกันสุขภาพแห่งชาติ,,,เอกชน,โรงพยาบาล (เอกชน)
38,11582,,โรงพยาบาลทั่วไปขนาดใหญ่ศิครินทร์ กรุงเทพ,,บางนาใต้,เขตบางนา,,กรุงเทพฯ,เขต 13 กรุงเทพมหานคร,,หน่วยบริการในระบบหลักประกันสุขภาพแห่งชาติ,,,เอกชน,โรงพยาบาล (เอกชน)
39,11583,,โรงพยาบาลทั่วไปขนาดใหญ่กล้วยน้ำไท,,พระโขนง,เขตคลองเตย,,กรุงเทพฯ,เขต 13 กรุงเทพมหานคร,,หน่วยบริการในระบบหลักประกันสุขภาพแห่งชาติ,,,เอกชน,โรงพยาบาล (เอกชน)
41,11592,,โรงพยาบาลทั่วไปขนาดใหญ่บางนา 1,,บางนาใต้,เขตบางนา,,กรุงเทพฯ,เขต 13 กรุงเทพมหานคร,,หน่วยบริการในระบบหลักประกันสุขภาพแห่งชาติ,,,เอกชน,โรงพยาบาล (เอกชน)
43,11597,,สถาบันกัลยาณ์ราชนครินทร์,,ทวีวัฒนา,เขตทวีวัฒนา,,กรุงเทพฯ,เขต 13 กรุงเทพมหานคร,,หน่วยบริการในระบบหลักประกันสุขภาพแห่งชาติ,,,รัฐในสธ.(นอก สป.),สังกัดกรมสุขภาพจิต
46,11603,,โรงพยาบาลเทียนฟ้ามูลนิธิโรงพยาบาลทั่วไปขนาดกลาง,,สัมพันธวงศ์,เขตสัมพันธวงศ์,,กรุงเทพฯ,เขต 13 กรุงเทพมหานคร,,หน่วยบริการในระบบหลักประกันสุขภาพแห่งชาติ,,,เอกชน,โรงพยาบาล (เอกชน)
51,11614,,โรงพยาบาลรัชดา-ท่าพระ โรงพยาบาลทั่วไปขนาดเล็ก,,ตลาดพลู,เขตธนบุรี,,กรุงเทพฯ,เขต 13 กรุงเทพมหานคร,,หน่วยบริการในระบบหลักประกันสุขภาพแห่งชาติ,,,เอกชน,โรงพยาบาล (เอกชน)
53,11616,,โรงพยาบาลสมิติเวช ธนบุรี โรงพยาบาลทั่วไปขนาดใหญ่ ,,สำเหร่,เขตธนบุรี,,กรุงเทพฯ,เขต 13 กรุงเทพมหานคร,,หน่วยบริการในระบบหลักประกันสุขภาพแห่งชาติ,,,เอกชน,โรงพยาบาล (เอกชน)
54,11621,,โรงพยาบาลบางไผ่โรงพยาบาลทั่วไปขนาดใหญ่,,ปากคลองภาษีเจริญ,เขตภาษีเจริญ,,กรุงเทพฯ,เขต 13 กรุงเทพมหานคร,,หน่วยบริการในระบบหลักประกันสุขภาพแห่งชาติ,,,เอกชน,โรงพยาบาล (เอกชน)
55,11626,,โรงพยาบาลคลองตัน โรงพยาบาลทั่วไปขนาดเล็ก,,บางกะปิ,เขตห้วยขวาง,,กรุงเทพฯ,เขต 13 กรุงเทพมหานคร,,หน่วยบริการในระบบหลักประกันสุขภาพแห่งชาติ,,,เอกชน,โรงพยาบาล (เอกชน)
58,11629,,โรงพยาบาลเพชรเวชโรงพยาบาลทั่วไปขนาดใหญ่,,บางกะปิ,เขตห้วยขวาง,,กรุงเทพฯ,เขต 13 กรุงเทพมหานคร,,หน่วยบริการในระบบหลักประกันสุขภาพแห่งชาติ,,,เอกชน,โรงพยาบาล (เอกชน)
61,11637,,โรงพยาบาลทั่วไปขนาดเล็กนันอา,,สมเด็จเจ้าพระยา,เขตคลองสาน,,กรุงเทพฯ,เขต 13 กรุงเทพมหานคร,,หน่วยบริการในระบบหลักประกันสุขภาพแห่งชาติ,,,เอกชน,โรงพยาบาล (เอกชน)
62,11640,,โรงพยาบาลทั่วไปขนาดใหญ่ธนบุรี ทวีวัฒนา,,ศาลาธรรมสพน์,เขตทวีวัฒนา,,กรุงเทพฯ,เขต 13 กรุงเทพมหานคร,,หน่วยบริการในระบบหลักประกันสุขภาพแห่งชาติ,,,เอกชน,โรงพยาบาล (เอกชน)
63,11641,,โรงพยาบาลทั่วไปขนาดกลางโรงพยาบาลวิชัยเวช แยกไฟฉาย,,บ้านช่างหล่อ,เขตบางกอกน้อย,,กรุงเทพฯ,เขต 13 กรุงเทพมหานคร,,หน่วยบริการในระบบหลักประกันสุขภาพแห่งชาติ,,,เอกชน,โรงพยาบาล (เอกชน)
64,11644,,โรงพยาบาลทั่วไปเจ้าพระยาโรงพยาบาลทั่วไปขนาดใหญ่,,บ้านช่างหล่อ,เขตบางกอกน้อย,,กรุงเทพฯ,เขต 13 กรุงเทพมหานคร,,หน่วยบริการในระบบหลักประกันสุขภาพแห่งชาติ,,,เอกชน,โรงพยาบาล (เอกชน)
66,11647,,โรงพยาบาลทั่วไปขนาดใหญ่ พีเอ็มจี,,แสมดำ,เขตบางขุนเทียน,,กรุงเทพฯ,เขต 13 กรุงเทพมหานคร,,หน่วยบริการในระบบหลักประกันสุขภาพแห่งชาติ,,,เอกชน,โรงพยาบาล (เอกชน)
67,11648,,นครธนโรงพยาบาลทั่วไปขนาดใหญ่,,แสมดำ,เขตบางขุนเทียน,,กรุงเทพฯ,เขต 13 กรุงเทพมหานคร,,หน่วยบริการในระบบหลักประกันสุขภาพแห่งชาติ,,,เอกชน,โรงพยาบาล (เอกชน)
68,11656,,โรงพยาบาลเกษมราษฎร์ บางแคโรงพยาบาลทั่วไปขนาดใหญ่,,บางแคเหนือ,เขตบางแค,,กรุงเทพฯ,เขต 13 กรุงเทพมหานคร,,หน่วยบริการในระบบหลักประกันสุขภาพแห่งชาติ,,,เอกชน,โรงพยาบาล (เอกชน)
69,11661,,โรงพยาบาลทั่วไปขนาดใหญ่วิชัยเวชอินเตอร์เนชั่นแนล หนองแขม,,หนองค้างพลู,เขตหนองแขม,,กรุงเทพฯ,เขต 13 กรุงเทพมหานคร,,หน่วยบริการในระบบหลักประกันสุขภาพแห่งชาติ,,,เอกชน,โรงพยาบาล (เอกชน)
71,11667,,โรงพยาบาลไอเอ็มเอช ธนบุรี โรงพยาบาลทั่วไปขนาดใหญ่,,บางปะกอก,เขตราษฎร์บูรณะ,,กรุงเทพฯ,เขต 13 กรุงเทพมหานคร,,หน่วยบริการในระบบหลักประกันสุขภาพแห่งชาติ,,,เอกชน,โรงพยาบาล (เอกชน)
72,11668,,โรงพยาบาลสุขสวัสดิ์อินเตอร์โรงพยาบาลทั่วไปขนาดใหญ่,,บางปะกอก,เขตราษฎร์บูรณะ,,กรุงเทพฯ,เขต 13 กรุงเทพมหานคร,,หน่วยบริการในระบบหลักประกันสุขภาพแห่งชาติ,,,เอกชน,โรงพยาบาล (เอกชน)
73,11669,,โรงพยาบาลทั่วไปขนาดใหญ่ราษฏร์บูรณะ,,บางปะกอก,เขตราษฎร์บูรณะ,,กรุงเทพฯ,เขต 13 กรุงเทพมหานคร,,หน่วยบริการในระบบหลักประกันสุขภาพแห่งชาติ,,,เอกชน,โรงพยาบาล (เอกชน)
74,11670,,โรงพยาบาลบางปะกอก 1 โรงพยาบาลทั่วไปขนาดใหญ่,,บางปะกอก,เขตราษฎร์บูรณะ,,กรุงเทพฯ,เขต 13 กรุงเทพมหานคร,,หน่วยบริการในระบบหลักประกันสุขภาพแห่งชาติ,,,เอกชน,โรงพยาบาล (เอกชน)
76,11676,,โรงพยาบาลยันฮีโรงพยาบาลทั่วไปขนาดใหญ่,,บางอ้อ,เขตบางพลัด,,กรุงเทพฯ,เขต 13 กรุงเทพมหานคร,,หน่วยบริการในระบบหลักประกันสุขภาพแห่งชาติ,,,เอกชน,โรงพยาบาล (เอกชน)
79,11686,,โรงพยาบาลบางโพ โรงพยาบาลทั่วไปขนาดใหญ่,,บางซื่อ,เขตบางซื่อ,,กรุงเทพฯ,เขต 13 กรุงเทพมหานคร,,หน่วยบริการในระบบหลักประกันสุขภาพแห่งชาติ,,,เอกชน,โรงพยาบาล (เอกชน)
80,11687,,โรงพยาบาลทั่วไปขนาดใหญ่เกษมราษฎร์ประชาชื่น,,วงศ์สว่าง,เขตบางซื่อ,,กรุงเทพฯ,เขต 13 กรุงเทพมหานคร,,หน่วยบริการในระบบหลักประกันสุขภาพแห่งชาติ,,,เอกชน,โรงพยาบาล (เอกชน)
82,11691,,วิภาวดี โรงพยาบาลทั่วไปขนาดใหญ่,,ลาดยาว,เขตจตุจักร,,กรุงเทพฯ,เขต 13 กรุงเทพมหานคร,,หน่วยบริการในระบบหลักประกันสุขภาพแห่งชาติ,,,เอกชน,โรงพยาบาล (เอกชน)
85,11697,,โรงพยาบาลคามิลเลียนโรงพยาบาลทั่วไปขนาดใหญ่,,คลองตันเหนือ,เขตวัฒนา,,กรุงเทพฯ,เขต 13 กรุงเทพมหานคร,,หน่วยบริการในระบบหลักประกันสุขภาพแห่งชาติ,,,เอกชน,โรงพยาบาล (เอกชน)
87,11703,,โรงพยาบาลทั่วไปขนาดใหญ่แพทย์ปัญญา,,สวนหลวง,เขตสวนหลวง,,กรุงเทพฯ,เขต 13 กรุงเทพมหานคร,,หน่วยบริการในระบบหลักประกันสุขภาพแห่งชาติ,,,เอกชน,โรงพยาบาล (เอกชน)
88,11704,,โรงพยาบาลสมิติเวช ศรีนครินทร์โรงพยาบาลทั่วไปขนาดใหญ่,,สวนหลวง,เขตสวนหลวง,,กรุงเทพฯ,เขต 13 กรุงเทพมหานคร,,หน่วยบริการในระบบหลักประกันสุขภาพแห่งชาติ,,,เอกชน,โรงพยาบาล (เอกชน)
91,11708,,โรงพยาบาลบางมดโรงพยาบาลทั่วไปขนาดใหญ่,,บางมด,เขตจอมทอง,,กรุงเทพฯ,เขต 13 กรุงเทพมหานคร,,หน่วยบริการในระบบหลักประกันสุขภาพแห่งชาติ,,,เอกชน,โรงพยาบาล (เอกชน)
92,11711,,โรงพยาบาลเฉพาะทางมะเร็งกรุงเทพขนาดเล็ก,,สามเสนใน,เขตพญาไท,,กรุงเทพฯ,เขต 13 กรุงเทพมหานคร,,หน่วยบริการในระบบหลักประกันสุขภาพแห่งชาติ,,,เอกชน,โรงพยาบาล (เอกชน)
96,11721,,โรงพยาบาลทั่วไปขนาดใหญ่ เปาโลโชคชัย 4,,ลาดพร้าว,เขตลาดพร้าว,,กรุงเทพฯ,เขต 13 กรุงเทพมหานคร,,หน่วยบริการในระบบหลักประกันสุขภาพแห่งชาติ,,,เอกชน,โรงพยาบาล (เอกชน)
97,11722,,โรงพยาบาลทั่วไปขนาดใหญ่ โรงพยาบาลมงกุฎวัฒนะ,,ทุ่งสองห้อง,เขตหลักสี่,,กรุงเทพฯ,เขต 13 กรุงเทพมหานคร,,หน่วยบริการในระบบหลักประกันสุขภาพแห่งชาติ,,,เอกชน,โรงพยาบาล (เอกชน)
100,11729,,โรงพยาบาลทั่วไปขนาดใหญ่ลาดพร้าว,,คลองเจ้าคุณสิงห์,เขตวังทองหลาง,,กรุงเทพฯ,เขต 13 กรุงเทพมหานคร,,หน่วยบริการในระบบหลักประกันสุขภาพแห่งชาติ,,,เอกชน,โรงพยาบาล (เอกชน)
101,11730,,โรงพยาบาลไทยนครินทร์ โรงพยาบาลทั่วไปขนาดใหญ่,,บางนาเหนือ,เขตบางนา,,กรุงเทพฯ,เขต 13 กรุงเทพมหานคร,,หน่วยบริการในระบบหลักประกันสุขภาพแห่งชาติ,,,เอกชน,โรงพยาบาล (เอกชน)
103,11750,,โรงพยาบาลหัวเฉียวโรงพยาบาลทั่วไปขนาดใหญ่,,คลองมหานาค,เขตป้อมปราบศัตรูพ่าย,,กรุงเทพฯ,เขต 13 กรุงเทพมหานคร,,หน่วยบริการในระบบหลักประกันสุขภาพแห่งชาติ,,,เอกชน,โรงพยาบาล (เอกชน)
105,12243,,สถาบันพัฒนาสุขภาวะเขตเมือง,,อนุสาวรีย์,เขตบางเขน,,กรุงเทพฯ,เขต 13 กรุงเทพมหานคร,,หน่วยบริการในระบบหลักประกันสุขภาพแห่งชาติ,,,รัฐในสธ.(นอก สป.),สังกัดกรมอนามัย
106,12244,,สถาบันจิตเวชศาสตร์สมเด็จเจ้าพระยา,,สมเด็จเจ้าพระยา,เขตคลองสาน,,กรุงเทพฯ,เขต 13 กรุงเทพมหานคร,,หน่วยบริการในระบบหลักประกันสุขภาพแห่งชาติ,,,รัฐในสธ.(นอก สป.),สังกัดกรมสุขภาพจิต
107,12246,,สถาบันราชานุกูล,,ดินแดง,เขตดินแดง,,กรุงเทพฯ,เขต 13 กรุงเทพมหานคร,,หน่วยบริการในระบบหลักประกันสุขภาพแห่งชาติ,,,รัฐในสธ.(นอก สป.),สังกัดกรมสุขภาพจิต
109,12249,,สถาบันโรคผิวหนัง,,ทุ่งพญาไท,เขตราชเทวี,,กรุงเทพฯ,เขต 13 กรุงเทพมหานคร,,หน่วยบริการในระบบหลักประกันสุขภาพแห่งชาติ,,,รัฐในสธ.(นอก สป.),สังกัดกรมการแพทย์
110,12250,,สถาบันมะเร็งแห่งชาติ,,ทุ่งพญาไท,เขตราชเทวี,,กรุงเทพฯ,เขต 13 กรุงเทพมหานคร,,หน่วยบริการในระบบหลักประกันสุขภาพแห่งชาติ,,,รัฐในสธ.(นอก สป.),สังกัดกรมการแพทย์
113,12438,,สถาบันสุขภาพเด็กแห่งชาติมหาราชินี,,ทุ่งพญาไท,เขตราชเทวี,,กรุงเทพฯ,เขต 13 กรุงเทพมหานคร,,หน่วยบริการในระบบหลักประกันสุขภาพแห่งชาติ,,,รัฐในสธ.(นอก สป.),สังกัดกรมการแพทย์
114,12439,,สถาบันประสาทวิทยา,,ทุ่งพญาไท,เขตราชเทวี,,กรุงเทพฯ,เขต 13 กรุงเทพมหานคร,,หน่วยบริการในระบบหลักประกันสุขภาพแห่งชาติ,,,รัฐในสธ.(นอก สป.),สังกัดกรมการแพทย์
122,12463,,สถานีกาชาดที่ 11 วิเศษนิยม,,บางหว้า,เขตภาษีเจริญ,,กรุงเทพฯ,เขต 13 กรุงเทพมหานคร,,หน่วยบริการในระบบหลักประกันสุขภาพแห่งชาติ,,,รัฐพิเศษ,สังกัดสภากาชาดไทย
136,12499,,สำนักอนามัยกรุงเทพมหานคร,,ดินแดง,เขตดินแดง,,กรุงเทพฯ,เขต 13 กรุงเทพมหานคร,,หน่วยบริการในระบบหลักประกันสุขภาพแห่งชาติ,,,รัฐนอก สธ.,สังกัดกรุงเทพมหานคร
137,13646,,ศูนย์บริการสาธารณสุข1 สะพานมอญ,,วังบูรพาภิรมย์,เขตพระนคร,,กรุงเทพฯ,เขต 13 กรุงเทพมหานคร,,หน่วยบริการในระบบหลักประกันสุขภาพแห่งชาติ,,,รัฐนอก สธ.,สังกัดกรุงเทพมหานคร
138,13647,,ศูนย์บริการสาธารณสุข2 วัดมักกะสัน,,ถนนพญาไท,เขตราชเทวี,,กรุงเทพฯ,เขต 13 กรุงเทพมหานคร,,หน่วยบริการในระบบหลักประกันสุขภาพแห่งชาติ,,,รัฐนอก สธ.,สังกัดกรุงเทพมหานคร
139,13648,,ศูนย์บริการสาธารณสุข3 บางซื่อ,,บางซื่อ,เขตบางซื่อ,,กรุงเทพฯ,เขต 13 กรุงเทพมหานคร,,หน่วยบริการในระบบหลักประกันสุขภาพแห่งชาติ,,,รัฐนอก สธ.,สังกัดกรุงเทพมหานคร
140,13649,,ศูนย์บริการสาธารณสุข4 ดินแดง,,ดินแดง,เขตดินแดง,,กรุงเทพฯ,เขต 13 กรุงเทพมหานคร,,หน่วยบริการในระบบหลักประกันสุขภาพแห่งชาติ,,,รัฐนอก สธ.,สังกัดกรุงเทพมหานคร
141,13650,,ศูนย์บริการสาธารณสุข5 จุฬาลงกรณ์,,วังใหม่,เขตปทุมวัน,,กรุงเทพฯ,เขต 13 กรุงเทพมหานคร,,หน่วยบริการในระบบหลักประกันสุขภาพแห่งชาติ,,,รัฐนอก สธ.,สังกัดกรุงเทพมหานคร
142,13651,,ศูนย์บริการสาธารณสุข6 สโมสรวัฒนธรรมหญิง,,สี่แยกมหานาค,เขตดุสิต,,กรุงเทพฯ,เขต 13 กรุงเทพมหานคร,,หน่วยบริการในระบบหลักประกันสุขภาพแห่งชาติ,,,รัฐนอก สธ.,สังกัดกรุงเทพมหานคร
143,13652,,ศูนย์บริการสาธารณสุข7 บุญมี ปุรุราชรังสรรค์,,บางโพงพาง,เขตยานนาวา,,กรุงเทพฯ,เขต 13 กรุงเทพมหานคร,,หน่วยบริการในระบบหลักประกันสุขภาพแห่งชาติ,,,รัฐนอก สธ.,สังกัดกรุงเทพมหานคร
144,13653,,ศูนย์บริการสาธารณสุข8  บุญรอด รุ่งเรือง,,บางนา,เขตบางนา,,กรุงเทพฯ,เขต 13 กรุงเทพมหานคร,,หน่วยบริการในระบบหลักประกันสุขภาพแห่งชาติ,,,รัฐนอก สธ.,สังกัดกรุงเทพมหานคร
145,13654,,ศูนย์บริการสาธารณสุข9  ประชาธิปไตย,,บ้านพานถม,เขตพระนคร,,กรุงเทพฯ,เขต 13 กรุงเทพมหานคร,,หน่วยบริการในระบบหลักประกันสุขภาพแห่งชาติ,,,รัฐนอก สธ.,สังกัดกรุงเทพมหานคร
146,13655,,ศูนย์บริการสาธารณสุข10 สุขุมวิท,,คลองตัน,เขตคลองเตย,,กรุงเทพฯ,เขต 13 กรุงเทพมหานคร,,หน่วยบริการในระบบหลักประกันสุขภาพแห่งชาติ,,,รัฐนอก สธ.,สังกัดกรุงเทพมหานคร
147,13656,,ศูนย์บริการสาธารณสุข11 ประดิพัทธ์,,สามเสนใน,เขตพญาไท,,กรุงเทพฯ,เขต 13 กรุงเทพมหานคร,,หน่วยบริการในระบบหลักประกันสุขภาพแห่งชาติ,,,รัฐนอก สธ.,สังกัดกรุงเทพมหานคร
148,13657,,ศูนย์บริการสาธารณสุข12 จันทร์เที่ยง เนตรวิเศษ,,บางโคล่,เขตบางคอแหลม,,กรุงเทพฯ,เขต 13 กรุงเทพมหานคร,,หน่วยบริการในระบบหลักประกันสุขภาพแห่งชาติ,,,รัฐนอก สธ.,สังกัดกรุงเทพมหานคร
149,13658,,ศูนย์บริการสาธารณสุข13 ไมตรีวานิช,,จักรวรรดิ,เขตสัมพันธวงศ์,,กรุงเทพฯ,เขต 13 กรุงเทพมหานคร,,หน่วยบริการในระบบหลักประกันสุขภาพแห่งชาติ,,,รัฐนอก สธ.,สังกัดกรุงเทพมหานคร
150,13659,,ศูนย์บริการสาธารณสุข14 แก้ว สีบุญเรือง,,วัดพระยาไกร,เขตบางคอแหลม,,กรุงเทพฯ,เขต 13 กรุงเทพมหานคร,,หน่วยบริการในระบบหลักประกันสุขภาพแห่งชาติ,,,รัฐนอก สธ.,สังกัดกรุงเทพมหานคร
151,13660,,ศูนย์บริการสาธารณสุข15 ลาดพร้าว,,สามเสนนอก,เขตห้วยขวาง,,กรุงเทพฯ,เขต 13 กรุงเทพมหานคร,,หน่วยบริการในระบบหลักประกันสุขภาพแห่งชาติ,,,รัฐนอก สธ.,สังกัดกรุงเทพมหานคร
152,13661,,ศูนย์บริการสาธารณสุข16 ลุมพินี,,ลุมพินี,เขตปทุมวัน,,กรุงเทพฯ,เขต 13 กรุงเทพมหานคร,,หน่วยบริการในระบบหลักประกันสุขภาพแห่งชาติ,,,รัฐนอก สธ.,สังกัดกรุงเทพมหานคร
153,13662,,ศูนย์บริการสาธารณสุข17 ประชานิเวศน์,,ลาดยาว,เขตจตุจักร,,กรุงเทพฯ,เขต 13 กรุงเทพมหานคร,,หน่วยบริการในระบบหลักประกันสุขภาพแห่งชาติ,,,รัฐนอก สธ.,สังกัดกรุงเทพมหานคร
154,13663,,ศูนย์บริการสาธารณสุข18  มงคล วอนวังตาล,,บางโคล่,เขตบางคอแหลม,,กรุงเทพฯ,เขต 13 กรุงเทพมหานคร,,หน่วยบริการในระบบหลักประกันสุขภาพแห่งชาติ,,,รัฐนอก สธ.,สังกัดกรุงเทพมหานคร
155,13664,,ศูนย์บริการสาธารณสุข19 วงศ์สว่าง,,บางซื่อ,เขตบางซื่อ,,กรุงเทพฯ,เขต 13 กรุงเทพมหานคร,,หน่วยบริการในระบบหลักประกันสุขภาพแห่งชาติ,,,รัฐนอก สธ.,สังกัดกรุงเทพมหานคร
156,13665,,ศูนย์บริการสาธารณสุข20 ป้อมปราบศัตรูพ่าย,,วัดโสมนัส,เขตป้อมปราบศัตรูพ่าย,,กรุงเทพฯ,เขต 13 กรุงเทพมหานคร,,หน่วยบริการในระบบหลักประกันสุขภาพแห่งชาติ,,,รัฐนอก สธ.,สังกัดกรุงเทพมหานคร
157,13666,,ศูนย์บริการสาธารณสุข21 วัดธาตุทอง,,พระโขนงเหนือ,เขตวัฒนา,,กรุงเทพฯ,เขต 13 กรุงเทพมหานคร,,หน่วยบริการในระบบหลักประกันสุขภาพแห่งชาติ,,,รัฐนอก สธ.,สังกัดกรุงเทพมหานคร
158,13667,,ศูนย์บริการสาธารณสุข22 วัดปากบ่อ,,สวนหลวง,เขตสวนหลวง,,กรุงเทพฯ,เขต 13 กรุงเทพมหานคร,,หน่วยบริการในระบบหลักประกันสุขภาพแห่งชาติ,,,รัฐนอก สธ.,สังกัดกรุงเทพมหานคร
159,13668,,ศูนย์บริการสาธารณสุข23 สี่พระยา,,สี่พระยา,เขตบางรัก,,กรุงเทพฯ,เขต 13 กรุงเทพมหานคร,,หน่วยบริการในระบบหลักประกันสุขภาพแห่งชาติ,,,รัฐนอก สธ.,สังกัดกรุงเทพมหานคร
160,13669,,ศูนย์บริการสาธารณสุข24  บางเขน,,ลาดยาว,เขตจตุจักร,,กรุงเทพฯ,เขต 13 กรุงเทพมหานคร,,หน่วยบริการในระบบหลักประกันสุขภาพแห่งชาติ,,,รัฐนอก สธ.,สังกัดกรุงเทพมหานคร
161,13670,,ศูนย์บริการสาธารณสุข25 ห้วยขวาง,,ห้วยขวาง,เขตห้วยขวาง,,กรุงเทพฯ,เขต 13 กรุงเทพมหานคร,,หน่วยบริการในระบบหลักประกันสุขภาพแห่งชาติ,,,รัฐนอก สธ.,สังกัดกรุงเทพมหานคร
162,13671,,ศูนย์บริการสาธารณสุข26 เจ้าคุณพระประยูรวงศ์,,วัดกัลยาณ์,เขตธนบุรี,,กรุงเทพฯ,เขต 13 กรุงเทพมหานคร,,หน่วยบริการในระบบหลักประกันสุขภาพแห่งชาติ,,,รัฐนอก สธ.,สังกัดกรุงเทพมหานคร
163,13672,,ศูนย์บริการสาธารณสุข27 จันทร์ฉิมไพบูลย์,,ตลาดพลู,เขตธนบุรี,,กรุงเทพฯ,เขต 13 กรุงเทพมหานคร,,หน่วยบริการในระบบหลักประกันสุขภาพแห่งชาติ,,,รัฐนอก สธ.,สังกัดกรุงเทพมหานคร
164,13673,,ศูนย์บริการสาธารณสุข28 กรุงธนบุรี,,บางลำภูล่าง,เขตคลองสาน,,กรุงเทพฯ,เขต 13 กรุงเทพมหานคร,,หน่วยบริการในระบบหลักประกันสุขภาพแห่งชาติ,,,รัฐนอก สธ.,สังกัดกรุงเทพมหานคร
165,13674,,ศูนย์บริการสาธารณสุข29 ช่วง นุชเนตร,,บางค้อ,เขตจอมทอง,,กรุงเทพฯ,เขต 13 กรุงเทพมหานคร,,หน่วยบริการในระบบหลักประกันสุขภาพแห่งชาติ,,,รัฐนอก สธ.,สังกัดกรุงเทพมหานคร
166,13675,,ศูนย์บริการสาธารณสุข30 วัดเจ้าอาม,,บางขุนนนท์,เขตบางกอกน้อย,,กรุงเทพฯ,เขต 13 กรุงเทพมหานคร,,หน่วยบริการในระบบหลักประกันสุขภาพแห่งชาติ,,,รัฐนอก สธ.,สังกัดกรุงเทพมหานคร
167,13676,,ศูนย์บริการสาธารณสุข31 เอิบ - จิตร ทังสุบุตร,,บางอ้อ,เขตบางพลัด,,กรุงเทพฯ,เขต 13 กรุงเทพมหานคร,,หน่วยบริการในระบบหลักประกันสุขภาพแห่งชาติ,,,รัฐนอก สธ.,สังกัดกรุงเทพมหานคร
168,13677,,ศูนย์บริการสาธารณสุข32 มาริษ ตินตมุสิก,,บางจาก,เขตพระโขนง,,กรุงเทพฯ,เขต 13 กรุงเทพมหานคร,,หน่วยบริการในระบบหลักประกันสุขภาพแห่งชาติ,,,รัฐนอก สธ.,สังกัดกรุงเทพมหานคร
169,13678,,ศูนย์บริการสาธารณสุข33 วัดหงส์รัตนาราม,,วัดอรุณ,เขตบางกอกใหญ่,,กรุงเทพฯ,เขต 13 กรุงเทพมหานคร,,หน่วยบริการในระบบหลักประกันสุขภาพแห่งชาติ,,,รัฐนอก สธ.,สังกัดกรุงเทพมหานคร
170,13679,,ศูนย์บริการสาธารณสุข34 โพธิ์ศรี,,บางจาก,เขตพระโขนง,,กรุงเทพฯ,เขต 13 กรุงเทพมหานคร,,หน่วยบริการในระบบหลักประกันสุขภาพแห่งชาติ,,,รัฐนอก สธ.,สังกัดกรุงเทพมหานคร
171,13680,,ศูนย์บริการสาธารณสุข35 หัวหมาก,,หัวหมาก,เขตบางกะปิ,,กรุงเทพฯ,เขต 13 กรุงเทพมหานคร,,หน่วยบริการในระบบหลักประกันสุขภาพแห่งชาติ,,,รัฐนอก สธ.,สังกัดกรุงเทพมหานคร
172,13681,,ศูนย์บริการสาธารณสุข36 บุคคโล,,บุคคโล,เขตธนบุรี,,กรุงเทพฯ,เขต 13 กรุงเทพมหานคร,,หน่วยบริการในระบบหลักประกันสุขภาพแห่งชาติ,,,รัฐนอก สธ.,สังกัดกรุงเทพมหานคร
173,13682,,ศูนย์บริการสาธารณสุข37 ประสงค์ -สุดสาคร,,สวนหลวง,เขตสวนหลวง,,กรุงเทพฯ,เขต 13 กรุงเทพมหานคร,,หน่วยบริการในระบบหลักประกันสุขภาพแห่งชาติ,,,รัฐนอก สธ.,สังกัดกรุงเทพมหานคร
174,13683,,ศูนย์บริการสาธารณสุข38 จี๊ด-ทองคำบำเพ็ญ,,ถนนนครไชยศรี,เขตดุสิต,,กรุงเทพฯ,เขต 13 กรุงเทพมหานคร,,หน่วยบริการในระบบหลักประกันสุขภาพแห่งชาติ,,,รัฐนอก สธ.,สังกัดกรุงเทพมหานคร
175,13684,,ศูนย์บริการสาธารณสุข39 ราษฎร์บูรณะ,,ราษฎร์บูรณะ,เขตราษฎร์บูรณะ,,กรุงเทพฯ,เขต 13 กรุงเทพมหานคร,,หน่วยบริการในระบบหลักประกันสุขภาพแห่งชาติ,,,รัฐนอก สธ.,สังกัดกรุงเทพมหานคร
176,13685,,ศูนย์บริการสาธารณสุข40  บางแค,,หลักสอง,เขตบางแค,,กรุงเทพฯ,เขต 13 กรุงเทพมหานคร,,หน่วยบริการในระบบหลักประกันสุขภาพแห่งชาติ,,,รัฐนอก สธ.,สังกัดกรุงเทพมหานคร
177,13686,,ศูนย์บริการสาธารณสุข41 คลองเตย,,คลองเตย,เขตคลองเตย,,กรุงเทพฯ,เขต 13 กรุงเทพมหานคร,,หน่วยบริการในระบบหลักประกันสุขภาพแห่งชาติ,,,รัฐนอก สธ.,สังกัดกรุงเทพมหานคร
178,13687,,ศูนย์บริการสาธารณสุข42 ถนอม ทองสิมา,,แสมดำ,เขตบางขุนเทียน,,กรุงเทพฯ,เขต 13 กรุงเทพมหานคร,,หน่วยบริการในระบบหลักประกันสุขภาพแห่งชาติ,,,รัฐนอก สธ.,สังกัดกรุงเทพมหานคร
179,13688,,ศูนย์บริการสาธารณสุข43  มีนบุรี,,มีนบุรี,เขตมีนบุรี,,กรุงเทพฯ,เขต 13 กรุงเทพมหานคร,,หน่วยบริการในระบบหลักประกันสุขภาพแห่งชาติ,,,รัฐนอก สธ.,สังกัดกรุงเทพมหานคร
180,13689,,ศูนย์บริการสาธารณสุข46 กันตารัติอุทิศ,,ลาดกระบัง,เขตลาดกระบัง,,กรุงเทพฯ,เขต 13 กรุงเทพมหานคร,,หน่วยบริการในระบบหลักประกันสุขภาพแห่งชาติ,,,รัฐนอก สธ.,สังกัดกรุงเทพมหานคร
181,13690,,ศูนย์บริการสาธารณสุข47 คลองขวาง,,คลองขวาง,เขตภาษีเจริญ,,กรุงเทพฯ,เขต 13 กรุงเทพมหานคร,,หน่วยบริการในระบบหลักประกันสุขภาพแห่งชาติ,,,รัฐนอก สธ.,สังกัดกรุงเทพมหานคร
182,13691,,ศูนย์บริการสาธารณสุข48 นาควัชระ อุทิศ,,หนองแขม,เขตหนองแขม,,กรุงเทพฯ,เขต 13 กรุงเทพมหานคร,,หน่วยบริการในระบบหลักประกันสุขภาพแห่งชาติ,,,รัฐนอก สธ.,สังกัดกรุงเทพมหานคร
183,13692,,ศูนย์บริการสาธารณสุข49 วัดชัยพฤกษมาลา,,ตลิ่งชัน,เขตตลิ่งชัน,,กรุงเทพฯ,เขต 13 กรุงเทพมหานคร,,หน่วยบริการในระบบหลักประกันสุขภาพแห่งชาติ,,,รัฐนอก สธ.,สังกัดกรุงเทพมหานคร
184,13693,,ศูนย์บริการสาธารณสุข50 บึงกุ่ม,,คลองกุ่ม,เขตบึงกุ่ม,,กรุงเทพฯ,เขต 13 กรุงเทพมหานคร,,หน่วยบริการในระบบหลักประกันสุขภาพแห่งชาติ,,,รัฐนอก สธ.,สังกัดกรุงเทพมหานคร
185,13694,,ศูนย์บริการสาธารณสุข51 จตุจักร,,จอมพล,เขตจตุจักร,,กรุงเทพฯ,เขต 13 กรุงเทพมหานคร,,หน่วยบริการในระบบหลักประกันสุขภาพแห่งชาติ,,,รัฐนอก สธ.,สังกัดกรุงเทพมหานคร
186,13695,,ศูนย์บริการสาธารณสุข52 สามเสนนอก,,ดินแดง,เขตดินแดง,,กรุงเทพฯ,เขต 13 กรุงเทพมหานคร,,หน่วยบริการในระบบหลักประกันสุขภาพแห่งชาติ,,,รัฐนอก สธ.,สังกัดกรุงเทพมหานคร
187,13696,,ศูนย์บริการสาธารณสุข53 ทุ่งสองห้อง,,ทุ่งสองห้อง,เขตหลักสี่,,กรุงเทพฯ,เขต 13 กรุงเทพมหานคร,,หน่วยบริการในระบบหลักประกันสุขภาพแห่งชาติ,,,รัฐนอก สธ.,สังกัดกรุงเทพมหานคร
188,13697,,ศูนย์บริการสาธารณสุข54 ทัศน์เอี่ยม,,บางมด,เขตทุ่งครุ,,กรุงเทพฯ,เขต 13 กรุงเทพมหานคร,,หน่วยบริการในระบบหลักประกันสุขภาพแห่งชาติ,,,รัฐนอก สธ.,สังกัดกรุงเทพมหานคร
189,13698,,ศูนย์บริการสาธารณสุข55 เดชะสัมพันธ์,,ช่องนนทรี,เขตยานนาวา,,กรุงเทพฯ,เขต 13 กรุงเทพมหานคร,,หน่วยบริการในระบบหลักประกันสุขภาพแห่งชาติ,,,รัฐนอก สธ.,สังกัดกรุงเทพมหานคร
190,13699,,ศูนย์บริการสาธารณสุข56 ทับเจริญ,,คลองกุ่ม,เขตบึงกุ่ม,,กรุงเทพฯ,เขต 13 กรุงเทพมหานคร,,หน่วยบริการในระบบหลักประกันสุขภาพแห่งชาติ,,,รัฐนอก สธ.,สังกัดกรุงเทพมหานคร
191,13700,,ศูนย์บริการสาธารณสุข57 บุญเรือง ล้ำเลิศ,,หนองบอน,เขตประเวศ,,กรุงเทพฯ,เขต 13 กรุงเทพมหานคร,,หน่วยบริการในระบบหลักประกันสุขภาพแห่งชาติ,,,รัฐนอก สธ.,สังกัดกรุงเทพมหานคร
192,13701,,ศูนย์บริการสาธารณสุข58 ล้อม-พิมเสนฟักอุดม,,บางปะกอก,เขตราษฎร์บูรณะ,,กรุงเทพฯ,เขต 13 กรุงเทพมหานคร,,หน่วยบริการในระบบหลักประกันสุขภาพแห่งชาติ,,,รัฐนอก สธ.,สังกัดกรุงเทพมหานคร
193,13702,,ศูนย์บริการสาธารณสุข59 ทุ่งครุ,,ทุ่งครุ,เขตทุ่งครุ,,กรุงเทพฯ,เขต 13 กรุงเทพมหานคร,,หน่วยบริการในระบบหลักประกันสุขภาพแห่งชาติ,,,รัฐนอก สธ.,สังกัดกรุงเทพมหานคร
194,13703,,ศูนย์บริการสาธารณสุข60 รสสุคนธ์ มโนชญากร,,สีกัน,เขตดอนเมือง,,กรุงเทพฯ,เขต 13 กรุงเทพมหานคร,,หน่วยบริการในระบบหลักประกันสุขภาพแห่งชาติ,,,รัฐนอก สธ.,สังกัดกรุงเทพมหานคร
195,13704,,ศูนย์บริการสาธารณสุข61 สังวาลย์ ทัสนารมย์,,คลองถนน,เขตสายไหม,,กรุงเทพฯ,เขต 13 กรุงเทพมหานคร,,หน่วยบริการในระบบหลักประกันสุขภาพแห่งชาติ,,,รัฐนอก สธ.,สังกัดกรุงเทพมหานคร
196,13705,,ศูนย์บริการสาธารณสุข62 ตวงรัชฎ์ ศศะนาวิน,,บางหว้า,เขตภาษีเจริญ,,กรุงเทพฯ,เขต 13 กรุงเทพมหานคร,,หน่วยบริการในระบบหลักประกันสุขภาพแห่งชาติ,,,รัฐนอก สธ.,สังกัดกรุงเทพมหานคร
199,13756,,โรงพยาบาลจุฬาลงกรณ์สภากาชาดไทย,,วังใหม่,เขตปทุมวัน,,กรุงเทพฯ,เขต 13 กรุงเทพมหานคร,,หน่วยบริการในระบบหลักประกันสุขภาพแห่งชาติ,,,รัฐพิเศษ,สังกัดสภากาชาดไทย
200,13757,,โรงพยาบาลเวชศาสตร์เขตร้อน มหาวิทยาลัยมหิดล,,ถนนพญาไท,เขตราชเทวี,,กรุงเทพฯ,เขต 13 กรุงเทพมหานคร,,หน่วยบริการในระบบหลักประกันสุขภาพแห่งชาติ,,,รัฐนอก สธ.,สังกัดกระทรวงการอุดมศึกษา วิทยาศาสตร์ วิจัยและนวัตกรรม
201,13781,,โรงพยาบาลรามาธิบดี  มหาวิทยาลัยมหิดล,,ถนนพญาไท,เขตราชเทวี,,กรุงเทพฯ,เขต 13 กรุงเทพมหานคร,,หน่วยบริการในระบบหลักประกันสุขภาพแห่งชาติ,,,รัฐนอก สธ.,สังกัดกระทรวงการอุดมศึกษา วิทยาศาสตร์ วิจัยและนวัตกรรม
203,13814,,โรงพยาบาลศิริราช,,ศิริราช,เขตบางกอกน้อย,,กรุงเทพฯ,เขต 13 กรุงเทพมหานคร,,หน่วยบริการในระบบหลักประกันสุขภาพแห่งชาติ,,,รัฐนอก สธ.,สังกัดกระทรวงการอุดมศึกษา วิทยาศาสตร์ วิจัยและนวัตกรรม
205,14173,,โรงพยาบาลตำรวจ,,ปทุมวัน,เขตปทุมวัน,,กรุงเทพฯ,เขต 13 กรุงเทพมหานคร,,หน่วยบริการในระบบหลักประกันสุขภาพแห่งชาติ,,,รัฐนอก สธ.,สังกัดสำนักนายกรัฐมนตรี
207,14189,,สถาบันป้องกันควบคุมโรคเขตเมือง,,อนุสาวรีย์,เขตบางเขน,,กรุงเทพฯ,เขต 13 กรุงเทพมหานคร,,หน่วยบริการในระบบหลักประกันสุขภาพแห่งชาติ,,,รัฐในสธ.(นอก สป.),สังกัดกรมควบคุมโรค
208,14572,,โรงพยาบาลทั่วไปขนาดใหญ่ บี.แคร์ เมดิคอลเซ็นเตอร์,,สายไหม,เขตสายไหม,,กรุงเทพฯ,เขต 13 กรุงเทพมหานคร,,หน่วยบริการในระบบหลักประกันสุขภาพแห่งชาติ,,,เอกชน,โรงพยาบาล (เอกชน)
209,14574,,โรงพยาบาลพญาไท 3 โรงพยาบาลทั่วไปขนาดใหญ่,,ปากคลองภาษีเจริญ,เขตภาษีเจริญ,,กรุงเทพฯ,เขต 13 กรุงเทพมหานคร,,หน่วยบริการในระบบหลักประกันสุขภาพแห่งชาติ,,,เอกชน,โรงพยาบาล (เอกชน)
210,14577,,วิภาราม โรงพยาบาลทั่วไปขนาดใหญ่,,พัฒนาการ,เขตสวนหลวง,,กรุงเทพฯ,เขต 13 กรุงเทพมหานคร,,หน่วยบริการในระบบหลักประกันสุขภาพแห่งชาติ,,,เอกชน,โรงพยาบาล (เอกชน)
211,14578,,โรงพยาบาลผู้ป่วยเรื้อรังศุขเวชขนาดเล็ก,,พลับพลา,เขตวังทองหลาง,,กรุงเทพฯ,เขต 13 กรุงเทพมหานคร,,หน่วยบริการในระบบหลักประกันสุขภาพแห่งชาติ,,,เอกชน,โรงพยาบาล (เอกชน)
212,14641,,โรงพยาบาลราชพิพัฒน์,,บางไผ่,เขตบางแค,,กรุงเทพฯ,เขต 13 กรุงเทพมหานคร,,หน่วยบริการในระบบหลักประกันสุขภาพแห่งชาติ,,,รัฐนอก สธ.,สังกัดกรุงเทพมหานคร
214,14818,,ศูนย์บริการสาธารณสุข63 สมาคมแต้จิ๋วแห่งประเทศไทย,,ทุ่งวัดดอน,เขตสาทร,,กรุงเทพฯ,เขต 13 กรุงเทพมหานคร,,หน่วยบริการในระบบหลักประกันสุขภาพแห่งชาติ,,,รัฐนอก สธ.,สังกัดกรุงเทพมหานคร
216,14947,,สถานีกาชาดที่ 2 กรุงเทพฯ,,ศาลเจ้าพ่อเสือ,เขตพระนคร,,กรุงเทพฯ,เขต 13 กรุงเทพมหานคร,,หน่วยบริการในระบบหลักประกันสุขภาพแห่งชาติ,,,รัฐพิเศษ,สังกัดสภากาชาดไทย
218,14955,,สถาบันสุขภาพจิตเด็กและวัยรุ่นราชนครินทร์,,ทุ่งพญาไท,เขตราชเทวี,,กรุงเทพฯ,เขต 13 กรุงเทพมหานคร,,หน่วยบริการในระบบหลักประกันสุขภาพแห่งชาติ,,,รัฐในสธ.(นอก สป.),สังกัดกรมสุขภาพจิต
220,14966,,กองเวชศาสตร์ป้องกัน กรมแพทย์ทหารอากาศ,,คลองถนน,เขตสายไหม,,กรุงเทพฯ,เขต 13 กรุงเทพมหานคร,,หน่วยบริการในระบบหลักประกันสุขภาพแห่งชาติ,,,รัฐนอก สธ.,สังกัดกระทรวงกลาโหม
221,14967,,แผนกแพทย์ กรมช่างอากาศ,,ดุสิต,เขตดุสิต,,กรุงเทพฯ,เขต 13 กรุงเทพมหานคร,,หน่วยบริการในระบบหลักประกันสุขภาพแห่งชาติ,,,รัฐนอก สธ.,สังกัดกระทรวงกลาโหม
223,14971,,งานบริการสุขภาพปฐมภูมิศิริราช,,บางยี่ขัน,เขตบางพลัด,,กรุงเทพฯ,เขต 13 กรุงเทพมหานคร,,หน่วยบริการในระบบหลักประกันสุขภาพแห่งชาติ,,,รัฐนอก สธ.,สังกัดกระทรวงการอุดมศึกษา วิทยาศาสตร์ วิจัยและนวัตกรรม
224,15049,,โรงพยาบาลสิรินธร,,ประเวศ,เขตประเวศ,,กรุงเทพฯ,เขต 13 กรุงเทพมหานคร,,หน่วยบริการในระบบหลักประกันสุขภาพแห่งชาติ,,,รัฐนอก สธ.,สังกัดกรุงเทพมหานคร
225,15119,,สถานพยาบาลทัณฑสถานบำบัดพิเศษกลาง,,ลาดยาว,เขตจตุจักร,,กรุงเทพฯ,เขต 13 กรุงเทพมหานคร,,หน่วยบริการในระบบหลักประกันสุขภาพแห่งชาติ,,,รัฐนอก สธ.,สังกัดกระทรวงยุติธรรม
226,15120,,สถานพยาบาลเรือนจำพิเศษธนบุรี,,บางบอน,เขตบางบอน,,กรุงเทพฯ,เขต 13 กรุงเทพมหานคร,,หน่วยบริการในระบบหลักประกันสุขภาพแห่งชาติ,,,รัฐนอก สธ.,สังกัดกระทรวงยุติธรรม
227,15122,,สถานพยาบาลทัณฑสถานหญิงธนบุรี,,บางบอน,เขตบางบอน,,กรุงเทพฯ,เขต 13 กรุงเทพมหานคร,,หน่วยบริการในระบบหลักประกันสุขภาพแห่งชาติ,,,รัฐนอก สธ.,สังกัดกระทรวงยุติธรรม
234,15147,,โรงพยาบาลบางปะกอก 8 โรงพยาบาลทั่วไปขนาดใหญ่,,คลองบางบอน,เขตบางบอน,,กรุงเทพฯ,เขต 13 กรุงเทพมหานคร,,หน่วยบริการในระบบหลักประกันสุขภาพแห่งชาติ,,,เอกชน,โรงพยาบาล (เอกชน)
249,15162,,คลินิกเวชกรรมชุมชนลาซาล,,บางนา,เขตบางนา,,กรุงเทพฯ,เขต 13 กรุงเทพมหานคร,,หน่วยบริการในระบบหลักประกันสุขภาพแห่งชาติ,,,เอกชน,คลินิก (เอกชน)
266,15181,,วงศ์สว่างสหคลินิก,,บางซื่อ,เขตบางซื่อ,,กรุงเทพฯ,เขต 13 กรุงเทพมหานคร,,หน่วยบริการในระบบหลักประกันสุขภาพแห่งชาติ,,,เอกชน,คลินิก (เอกชน)
268,15184,,อบอุ่นคลินิกเวชกรรม,,คลองสองต้นนุ่น,เขตลาดกระบัง,,กรุงเทพฯ,เขต 13 กรุงเทพมหานคร,,หน่วยบริการในระบบหลักประกันสุขภาพแห่งชาติ,,,เอกชน,คลินิก (เอกชน)
269,15185,,สิริยาสหคลินิก,,ราษฎร์บูรณะ,เขตราษฎร์บูรณะ,,กรุงเทพฯ,เขต 13 กรุงเทพมหานคร,,หน่วยบริการในระบบหลักประกันสุขภาพแห่งชาติ,,,เอกชน,คลินิก (เอกชน)
280,15199,,โรงพยาบาลคณะทันตแพทยศาสตร์ จุฬาลงกรณ์มหาวิทยาลัย,,ปทุมวัน,เขตปทุมวัน,,กรุงเทพฯ,เขต 13 กรุงเทพมหานคร,,หน่วยบริการในระบบหลักประกันสุขภาพแห่งชาติ,,,รัฐนอก สธ.,สังกัดกระทรวงการอุดมศึกษา วิทยาศาสตร์ วิจัยและนวัตกรรม
285,15260,,โรงพยาบาลสินแพทย์โรงพยาบาลทั่วไปขนาดใหญ่,,รามอินทรา,เขตคันนายาว,,กรุงเทพฯ,เขต 13 กรุงเทพมหานคร,,หน่วยบริการในระบบหลักประกันสุขภาพแห่งชาติ,,,เอกชน,โรงพยาบาล (เอกชน)
384,15411,,นภดลคลินิกเวชกรรม,,ลำปลาทิว,เขตลาดกระบัง,,กรุงเทพฯ,เขต 13 กรุงเทพมหานคร,,หน่วยบริการในระบบหลักประกันสุขภาพแห่งชาติ,,,เอกชน,คลินิก (เอกชน)
572,15669,,พรหมธาดาคลินิกเวชกรรม สาขาบึงกุ่ม,,คลองกุ่ม,เขตบึงกุ่ม,,กรุงเทพฯ,เขต 13 กรุงเทพมหานคร,,หน่วยบริการในระบบหลักประกันสุขภาพแห่งชาติ,,,เอกชน,คลินิก (เอกชน)
871,16071,,ใกล้หมอโพลีคลินิกเพชรเกษม 46 คลินิกเวชกรรม,,บางด้วน,เขตภาษีเจริญ,,กรุงเทพฯ,เขต 13 กรุงเทพมหานคร,,หน่วยบริการในระบบหลักประกันสุขภาพแห่งชาติ,,,เอกชน,คลินิก (เอกชน)
1227,16529,,คลินิกเฉพาะทางด้านเวชกรรมไตเทียมมูลนิธิศรีรัตนโกสินทร์,,บางลำภูล่าง,เขตคลองสาน,,กรุงเทพฯ,เขต 13 กรุงเทพมหานคร,,หน่วยบริการในระบบหลักประกันสุขภาพแห่งชาติ,,,เอกชน,คลินิก (เอกชน)
1273,16588,,คลินิกเวชกรรม สวท บางเขน,,จตุจักร,เขตจตุจักร,,กรุงเทพฯ,เขต 13 กรุงเทพมหานคร,,หน่วยบริการในระบบหลักประกันสุขภาพแห่งชาติ,,,เอกชน,คลินิก (เอกชน)
1486,16854,,คลินิกฟ.ฟันสุขภาพคลินิกทันตกรรม,,ตลาดน้อย,เขตสัมพันธวงศ์,,กรุงเทพฯ,เขต 13 กรุงเทพมหานคร,,หน่วยบริการในระบบหลักประกันสุขภาพแห่งชาติ,,,เอกชน,คลินิก (เอกชน)
1752,17161,,บ้านหมอฟันคลินิกทันตกรรม,,คลองบางบอน,เขตบางบอน,,กรุงเทพฯ,เขต 13 กรุงเทพมหานคร,,หน่วยบริการในระบบหลักประกันสุขภาพแห่งชาติ,,,เอกชน,คลินิก (เอกชน)
3059,21375,,คลินิกทันตกรรมทันตแพทย์โลตัส,,รองเมือง,เขตปทุมวัน,,กรุงเทพฯ,เขต 13 กรุงเทพมหานคร,,หน่วยบริการในระบบหลักประกันสุขภาพแห่งชาติ,,,เอกชน,คลินิก (เอกชน)
3072,21393,,พิมคลินิกเวชกรรม,,ห้วยขวาง,เขตห้วยขวาง,,กรุงเทพฯ,เขต 13 กรุงเทพมหานคร,,หน่วยบริการในระบบหลักประกันสุขภาพแห่งชาติ,,,เอกชน,คลินิก (เอกชน)
3086,21434,,คณะทันตแพทยศาสตร์ มหาวิทยาลัยมหิดล,,ถนนพญาไท,เขตราชเทวี,,กรุงเทพฯ,เขต 13 กรุงเทพมหานคร,,หน่วยบริการในระบบหลักประกันสุขภาพแห่งชาติ,,,รัฐนอก สธ.,สังกัดกระทรวงการอุดมศึกษา วิทยาศาสตร์ วิจัยและนวัตกรรม
3089,21437,,คณะเทคนิคการแพทย์ มหาวิทยาลัยมหิดล,,ศิริราช,เขตบางกอกน้อย,,กรุงเทพฯ,เขต 13 กรุงเทพมหานคร,,หน่วยบริการในระบบหลักประกันสุขภาพแห่งชาติ,,,รัฐนอก สธ.,สังกัดกระทรวงการอุดมศึกษา วิทยาศาสตร์ วิจัยและนวัตกรรม
3098,21452,,เด็นทัลแลนด์คลินิกทันตกรรม,,สามเสนใน,เขตพญาไท,,กรุงเทพฯ,เขต 13 กรุงเทพมหานคร,,หน่วยบริการในระบบหลักประกันสุขภาพแห่งชาติ,,,เอกชน,คลินิก (เอกชน)
3115,21486,,ศูนย์บริการสาธารณสุข65 รักษาศุข บางบอน,,บางบอน,เขตบางบอน,,กรุงเทพฯ,เขต 13 กรุงเทพมหานคร,,หน่วยบริการในระบบหลักประกันสุขภาพแห่งชาติ,,,รัฐนอก สธ.,สังกัดกรุงเทพมหานคร
3140,21526,,ศูนย์บริการสาธารณสุข44 ลำผักชี หนองจอก,,ลำผักชี,เขตหนองจอก,,กรุงเทพฯ,เขต 13 กรุงเทพมหานคร,,หน่วยบริการในระบบหลักประกันสุขภาพแห่งชาติ,,,รัฐนอก สธ.,สังกัดกรุงเทพมหานคร
3179,21621,,คลินิกทันตกรรมนราเดนทัลเพลส,,สีลม,เขตบางรัก,,กรุงเทพฯ,เขต 13 กรุงเทพมหานคร,,หน่วยบริการในระบบหลักประกันสุขภาพแห่งชาติ,,,เอกชน,คลินิก (เอกชน)
3210,21708,,สหคลินิกมูลนิธิพลตรีจำลองศรีเมือง,,วังทองหลาง,เขตวังทองหลาง,,กรุงเทพฯ,เขต 13 กรุงเทพมหานคร,,หน่วยบริการในระบบหลักประกันสุขภาพแห่งชาติ,,,เอกชน,คลินิก (เอกชน)
3211,21710,,รัตนบัณฑิตคลินิกเวชกรรม,,คลองจั่น,เขตบางกะปิ,,กรุงเทพฯ,เขต 13 กรุงเทพมหานคร,,หน่วยบริการในระบบหลักประกันสุขภาพแห่งชาติ,,,เอกชน,คลินิก (เอกชน)
3229,21737,,คลินิกทันตกรรมพาณิชย์ธน,,บางแวก,เขตภาษีเจริญ,,กรุงเทพฯ,เขต 13 กรุงเทพมหานคร,,หน่วยบริการในระบบหลักประกันสุขภาพแห่งชาติ,,,เอกชน,คลินิก (เอกชน)
3236,21748,,ศูนย์บริการสาธารณสุข66 ตำหนักพระแม่กวนอิม,,ลาดพร้าว,เขตลาดพร้าว,,กรุงเทพฯ,เขต 13 กรุงเทพมหานคร,,หน่วยบริการในระบบหลักประกันสุขภาพแห่งชาติ,,,รัฐนอก สธ.,สังกัดกรุงเทพมหานคร
3237,21755,,ศูนย์บริการสาธารณสุข45 ร่มเกล้า ลาดกระบัง,,ลาดกระบัง,เขตลาดกระบัง,,กรุงเทพฯ,เขต 13 กรุงเทพมหานคร,,หน่วยบริการในระบบหลักประกันสุขภาพแห่งชาติ,,,รัฐนอก สธ.,สังกัดกรุงเทพมหานคร
3281,21844,,คลินิกเฉพาะทางด้านเวชกรรมไตเทียมเจริญนคร 7,,คลองต้นไทร,เขตคลองสาน,,กรุงเทพฯ,เขต 13 กรุงเทพมหานคร,,หน่วยบริการในระบบหลักประกันสุขภาพแห่งชาติ,,,เอกชน,คลินิก (เอกชน)
3395,22155,,โรงพยาบาลครู,,ดุสิต,เขตดุสิต,,กรุงเทพฯ,เขต 13 กรุงเทพมหานคร,,หน่วยบริการในระบบหลักประกันสุขภาพแห่งชาติ,,,รัฐนอก สธ.,สังกัดกระทรวงการอุดมศึกษา วิทยาศาสตร์ วิจัยและนวัตกรรม
3398,22161,,นวมินทร์สุขภาพดีคลินิกเวชกรรม สาขาลำผักชี,,ลำผักชี,เขตหนองจอก,,กรุงเทพฯ,เขต 13 กรุงเทพมหานคร,,หน่วยบริการในระบบหลักประกันสุขภาพแห่งชาติ,,,เอกชน,คลินิก (เอกชน)
3411,22190,,คลินิกเวชกรรมเฉพาะทางไตเทียมศิริเวชการ,,บ้านช่างหล่อ,เขตบางกอกน้อย,,กรุงเทพฯ,เขต 13 กรุงเทพมหานคร,,หน่วยบริการในระบบหลักประกันสุขภาพแห่งชาติ,,,เอกชน,คลินิก (เอกชน)
3426,22222,,พันธมิตรไตเทียมคลินิกเวชกรรมเฉพาะทาง,,วัดท่าพระ,เขตบางกอกใหญ่,,กรุงเทพฯ,เขต 13 กรุงเทพมหานคร,,หน่วยบริการในระบบหลักประกันสุขภาพแห่งชาติ,,,เอกชน,คลินิก (เอกชน)
3433,22283,,คลินิกเฉพาะทางด้านเวชกรรมไตเทียมราชวัตร,,ถนนนครไชยศรี,เขตดุสิต,,กรุงเทพฯ,เขต 13 กรุงเทพมหานคร,,หน่วยบริการในระบบหลักประกันสุขภาพแห่งชาติ,,,เอกชน,คลินิก (เอกชน)
3435,22291,,นวมินทร์ 3 สหคลินิก สาขานิคมอุตสาหกรรมลาดกระบัง,,ลำปลาทิว,เขตลาดกระบัง,,กรุงเทพฯ,เขต 13 กรุงเทพมหานคร,,หน่วยบริการในระบบหลักประกันสุขภาพแห่งชาติ,,,เอกชน,คลินิก (เอกชน)
3446,22338,,คลินิกการพยาบาลและการผดุงครรภ์ คณะพยาบาลศาสตร์ มหาวิทยาลัยมหิดล,,บางขุนนนท์,เขตบางกอกน้อย,,กรุงเทพฯ,เขต 13 กรุงเทพมหานคร,,หน่วยบริการในระบบหลักประกันสุขภาพแห่งชาติ,,,รัฐนอก สธ.,สังกัดกระทรวงการอุดมศึกษา วิทยาศาสตร์ วิจัยและนวัตกรรม
3447,22339,,โรงพยาบาลเดอะซีเนียร์ โรงพยาบาลส่งเสริมฟื้นฟูผู้สูงอายุขนาดเล็ก,,จันทรเกษม,เขตจตุจักร,,กรุงเทพฯ,เขต 13 กรุงเทพมหานคร,,หน่วยบริการในระบบหลักประกันสุขภาพแห่งชาติ,,,เอกชน,โรงพยาบาล (เอกชน)
3450,22342,,โรงพยาบาลวัฒโนสถโรงพยาบาลเฉพาะทางโรคมะเร็งขนาดกลาง,,บางกะปิ,เขตห้วยขวาง,,กรุงเทพฯ,เขต 13 กรุงเทพมหานคร,,หน่วยบริการในระบบหลักประกันสุขภาพแห่งชาติ,,,เอกชน,โรงพยาบาล (เอกชน)
3496,22455,,ศูนย์บริการสาธารณสุข64 คลองสามวา,,บางชัน,เขตคลองสามวา,,กรุงเทพฯ,เขต 13 กรุงเทพมหานคร,,หน่วยบริการในระบบหลักประกันสุขภาพแห่งชาติ,,,รัฐนอก สธ.,สังกัดกรุงเทพมหานคร
3509,22475,,คลินิกทันตกรรมทันตสิริ,,หนองค้างพลู,เขตหนองแขม,,กรุงเทพฯ,เขต 13 กรุงเทพมหานคร,,หน่วยบริการในระบบหลักประกันสุขภาพแห่งชาติ,,,เอกชน,คลินิก (เอกชน)
3530,22524,,ฝ่ายแพทย์หลวงพระบรมมหาราชวัง,,พระบรมมหาราชวัง,เขตพระนคร,,กรุงเทพฯ,เขต 13 กรุงเทพมหานคร,,หน่วยบริการในระบบหลักประกันสุขภาพแห่งชาติ,,,รัฐนอก สธ.,สังกัดสำนักพระราชวัง
3531,22525,,คลินิกศูนย์แพทย์พัฒนา,,วังทองหลาง,เขตวังทองหลาง,,กรุงเทพฯ,เขต 13 กรุงเทพมหานคร,,หน่วยบริการในระบบหลักประกันสุขภาพแห่งชาติ,,,เอกชน,คลินิก (เอกชน)
3534,22536,,สำนักงานแพทย์ทหาร,,ทุ่งสองห้อง,เขตหลักสี่,,กรุงเทพฯ,เขต 13 กรุงเทพมหานคร,,หน่วยบริการในระบบหลักประกันสุขภาพแห่งชาติ,,,รัฐนอก สธ.,สังกัดกระทรวงกลาโหม
3615,22709,,เกียรติการแพทย์คลินิกเวชกรรม สาขาตลาดวงศกร,,สายไหม,เขตสายไหม,,กรุงเทพฯ,เขต 13 กรุงเทพมหานคร,,หน่วยบริการในระบบหลักประกันสุขภาพแห่งชาติ,,,เอกชน,คลินิก (เอกชน)
3627,22737,,โรงพยาบาลจุฬาภรณ์,,ทุ่งสองห้อง,เขตหลักสี่,,กรุงเทพฯ,เขต 13 กรุงเทพมหานคร,,หน่วยบริการในระบบหลักประกันสุขภาพแห่งชาติ,,,รัฐนอก สธ.,สังกัดสำนักนายกรัฐมนตรี
3628,22740,,สถานพยาบาลเรือนจำพิเศษมีนบุรี,,มีนบุรี,เขตมีนบุรี,,กรุงเทพฯ,เขต 13 กรุงเทพมหานคร,,หน่วยบริการในระบบหลักประกันสุขภาพแห่งชาติ,,,รัฐนอก สธ.,สังกัดกระทรวงยุติธรรม
3635,22879,,เสนานิคมคลินิกเวชกรรม,,จรเข้บัว,เขตลาดพร้าว,,กรุงเทพฯ,เขต 13 กรุงเทพมหานคร,,หน่วยบริการในระบบหลักประกันสุขภาพแห่งชาติ,,,เอกชน,คลินิก (เอกชน)
3638,22884,,คลินิกเวชกรรมมีนบุรี,,มีนบุรี,เขตมีนบุรี,,กรุงเทพฯ,เขต 13 กรุงเทพมหานคร,,หน่วยบริการในระบบหลักประกันสุขภาพแห่งชาติ,,,เอกชน,คลินิก (เอกชน)
3678,22988,,คลินิกทันตกรรมยิ้มหวาน สาขาแฮปปี้แลนด์,,คลองจั่น,เขตบางกะปิ,,กรุงเทพฯ,เขต 13 กรุงเทพมหานคร,,หน่วยบริการในระบบหลักประกันสุขภาพแห่งชาติ,,,เอกชน,คลินิก (เอกชน)
3704,23067,,ศูนย์สุขภาพและบริการวิชาการสาธารณสุขและสิ่งแวดล้อมคณะสาธารณสุขศาสตร์ มหาวิทยาลัยมหิดล,,ทุ่งพญาไท,เขตราชเทวี,,กรุงเทพฯ,เขต 13 กรุงเทพมหานคร,,หน่วยบริการในระบบหลักประกันสุขภาพแห่งชาติ,,,รัฐนอก สธ.,สังกัดกระทรวงการอุดมศึกษา วิทยาศาสตร์ วิจัยและนวัตกรรม
3718,23112,,คลินิกเวชกรรมสมาคมแพทย์สตรีแห่งประเทศไทย  ในพระบรมราชินูปถัมภ์,,พระโขนง,เขตคลองเตย,,กรุงเทพฯ,เขต 13 กรุงเทพมหานคร,,หน่วยบริการในระบบหลักประกันสุขภาพแห่งชาติ,,,เอกชน,คลินิก (เอกชน)
3729,23159,,ศูนย์บริการสาธารณสุข68 สะพานสูง,,สะพานสูง,เขตสะพานสูง,,กรุงเทพฯ,เขต 13 กรุงเทพมหานคร,,หน่วยบริการในระบบหลักประกันสุขภาพแห่งชาติ,,,รัฐนอก สธ.,สังกัดกรุงเทพมหานคร
3737,23171,,28 คลินิกทันตกรรม,,ปากคลองภาษีเจริญ,เขตภาษีเจริญ,,กรุงเทพฯ,เขต 13 กรุงเทพมหานคร,,หน่วยบริการในระบบหลักประกันสุขภาพแห่งชาติ,,,เอกชน,คลินิก (เอกชน)
3757,23220,,คลินิคนิรนาม ศูนย์วิจัยโรคเอดส์ สภากาชาดไทย,,ปทุมวัน,เขตปทุมวัน,,กรุงเทพฯ,เขต 13 กรุงเทพมหานคร,,หน่วยบริการในระบบหลักประกันสุขภาพแห่งชาติ,,,รัฐพิเศษ,สังกัดสภากาชาดไทย
3758,23229,,ศูนย์บริการสาธารณสุข67 ทวีวัฒนา,,ทวีวัฒนา,เขตทวีวัฒนา,,กรุงเทพฯ,เขต 13 กรุงเทพมหานคร,,หน่วยบริการในระบบหลักประกันสุขภาพแห่งชาติ,,,รัฐนอก สธ.,สังกัดกรุงเทพมหานคร
3783,23281,,บ้านฟอฟันคลินิกทันตกรรม,,คลองบางบอน,เขตบางบอน,,กรุงเทพฯ,เขต 13 กรุงเทพมหานคร,,หน่วยบริการในระบบหลักประกันสุขภาพแห่งชาติ,,,เอกชน,คลินิก (เอกชน)
3795,23328,,พลับพลาไชยคลินิกเวชกรรม,,จักรวรรดิ,เขตสัมพันธวงศ์,,กรุงเทพฯ,เขต 13 กรุงเทพมหานคร,,หน่วยบริการในระบบหลักประกันสุขภาพแห่งชาติ,,,เอกชน,คลินิก (เอกชน)
3820,23369,,ศูนย์ประสานความร่วมมือ ระหว่างไทย-ออสเตรเลีย-เนเธอแลนด์เพื่อการศึกษาวิจัยทางคลินิกด้านโรคเอดส์,,ปทุมวัน,เขตปทุมวัน,,กรุงเทพฯ,เขต 13 กรุงเทพมหานคร,,หน่วยบริการในระบบหลักประกันสุขภาพแห่งชาติ,,,รัฐพิเศษ,สังกัดสภากาชาดไทย
3845,23439,,คลินิกเวชกรรมงามเจริญ,,ท่าข้าม,เขตบางขุนเทียน,,กรุงเทพฯ,เขต 13 กรุงเทพมหานคร,,หน่วยบริการในระบบหลักประกันสุขภาพแห่งชาติ,,,เอกชน,คลินิก (เอกชน)
3882,23554,,คลินิกทันตกรรมทันตแพทย์ธงชัย 2,,บางไผ่,เขตบางแค,,กรุงเทพฯ,เขต 13 กรุงเทพมหานคร,,หน่วยบริการในระบบหลักประกันสุขภาพแห่งชาติ,,,เอกชน,คลินิก (เอกชน)
3885,23557,,คลินิกเวชกรรมสิรินรักษ์,,ประเวศ,เขตประเวศ,,กรุงเทพฯ,เขต 13 กรุงเทพมหานคร,,หน่วยบริการในระบบหลักประกันสุขภาพแห่งชาติ,,,เอกชน,คลินิก (เอกชน)
3888,23585,,คลินิกต้นไทรทันตแพทย์1,,บางลำภูล่าง,เขตคลองสาน,,กรุงเทพฯ,เขต 13 กรุงเทพมหานคร,,หน่วยบริการในระบบหลักประกันสุขภาพแห่งชาติ,,,เอกชน,คลินิก (เอกชน)
3900,23609,,คลินิกทันตกรรม105,,บางนา,เขตบางนา,,กรุงเทพฯ,เขต 13 กรุงเทพมหานคร,,หน่วยบริการในระบบหลักประกันสุขภาพแห่งชาติ,,,เอกชน,คลินิก (เอกชน)
3914,23653,,รักษ์ฟันคลินิกทันตกรรม,,สีกัน,เขตดอนเมือง,,กรุงเทพฯ,เขต 13 กรุงเทพมหานคร,,หน่วยบริการในระบบหลักประกันสุขภาพแห่งชาติ,,,เอกชน,คลินิก (เอกชน)
3924,23686,,คลินิกทันตกรรม ฟ.ฟันสะอาด,,เสาชิงช้า,เขตพระนคร,,กรุงเทพฯ,เขต 13 กรุงเทพมหานคร,,หน่วยบริการในระบบหลักประกันสุขภาพแห่งชาติ,,,เอกชน,คลินิก (เอกชน)
3934,23717,,คลินิกทันตกรรมทันตแพทย์ประเทือง,,มีนบุรี,เขตมีนบุรี,,กรุงเทพฯ,เขต 13 กรุงเทพมหานคร,,หน่วยบริการในระบบหลักประกันสุขภาพแห่งชาติ,,,เอกชน,คลินิก (เอกชน)
3941,23760,,สำนักวัณโรค กรมควบคุมโรค,,บางโคล่,เขตบางคอแหลม,,กรุงเทพฯ,เขต 13 กรุงเทพมหานคร,,หน่วยบริการในระบบหลักประกันสุขภาพแห่งชาติ,,,รัฐในสธ.(นอก สป.),สังกัดกรมควบคุมโรค
3942,23762,,โรงพยาบาลนวุติสมเด็จย่า,,สามเสนใน,เขตพญาไท,,กรุงเทพฯ,เขต 13 กรุงเทพมหานคร,,หน่วยบริการในระบบหลักประกันสุขภาพแห่งชาติ,,,รัฐนอก สธ.,สังกัดกระทรวงมหาดไทย / สำนักงานตำรวจแห่งชาติ
3943,23766,,หน่วยปฏิบัติการบริการวิทยาศาสตร์สุขภาพ คณะสหเวชศาสตร์ จุฬาลงกรณ์มหาวิทยาลัย,,ปทุมวัน,เขตปทุมวัน,,กรุงเทพฯ,เขต 13 กรุงเทพมหานคร,,หน่วยบริการในระบบหลักประกันสุขภาพแห่งชาติ,,,รัฐนอก สธ.,สังกัดกระทรวงการอุดมศึกษา วิทยาศาสตร์ วิจัยและนวัตกรรม
3945,23781,,นวมินทร์ 9 โรงพยาบาลทั่วไปขนาดใหญ่,,มีนบุรี,เขตมีนบุรี,,กรุงเทพฯ,เขต 13 กรุงเทพมหานคร,,หน่วยบริการในระบบหลักประกันสุขภาพแห่งชาติ,,,เอกชน,โรงพยาบาล (เอกชน)
3946,23783,,โรงพยาบาลทั่วไปขนาดใหญ่สินแพทย์เสรีรักษ์,,มีนบุรี,เขตมีนบุรี,,กรุงเทพฯ,เขต 13 กรุงเทพมหานคร,,หน่วยบริการในระบบหลักประกันสุขภาพแห่งชาติ,,,เอกชน,โรงพยาบาล (เอกชน)
3958,23846,,คลินิกทันตกรรมสวนอ้อย,,ดุสิต,เขตดุสิต,,กรุงเทพฯ,เขต 13 กรุงเทพมหานคร,,หน่วยบริการในระบบหลักประกันสุขภาพแห่งชาติ,,,เอกชน,คลินิก (เอกชน)
3969,23868,,พิทักษ์-บางไผ่คลินิกเวชกรรม,,บางหว้า,เขตภาษีเจริญ,,กรุงเทพฯ,เขต 13 กรุงเทพมหานคร,,หน่วยบริการในระบบหลักประกันสุขภาพแห่งชาติ,,,เอกชน,คลินิก (เอกชน)
3970,23869,,คลินิกเฉพาะทางด้านเวชกรรมไตเทียมราชวัตร (หลักสี่),,อนุสาวรีย์,เขตบางเขน,,กรุงเทพฯ,เขต 13 กรุงเทพมหานคร,,หน่วยบริการในระบบหลักประกันสุขภาพแห่งชาติ,,,เอกชน,คลินิก (เอกชน)
3971,23870,,คลินิกเวชกรรมราม 42,,หัวหมาก,เขตบางกะปิ,,กรุงเทพฯ,เขต 13 กรุงเทพมหานคร,,หน่วยบริการในระบบหลักประกันสุขภาพแห่งชาติ,,,เอกชน,คลินิก (เอกชน)
3975,23880,,หน่วยไตเทียมมูลนิธิโรคไตแห่งประเทศไทย ณ ตึกกัลยาณิวัฒนา โรงพยาบาลสงฆ์,,ทุ่งพญาไท,เขตราชเทวี,,กรุงเทพฯ,เขต 13 กรุงเทพมหานคร,,หน่วยบริการในระบบหลักประกันสุขภาพแห่งชาติ,,,รัฐในสธ.(นอก สป.),สังกัดกรมการแพทย์
3979,23884,,เกียรติการแพทย์คลินิกเวชกรรม สาขาจันทรเกษม,,จันทรเกษม,เขตจตุจักร,,กรุงเทพฯ,เขต 13 กรุงเทพมหานคร,,หน่วยบริการในระบบหลักประกันสุขภาพแห่งชาติ,,,เอกชน,คลินิก (เอกชน)
3980,23886,,คลินิกเวชกรรมจรัญสนิทวงศ์ 83/1,,บางอ้อ,เขตบางพลัด,,กรุงเทพฯ,เขต 13 กรุงเทพมหานคร,,หน่วยบริการในระบบหลักประกันสุขภาพแห่งชาติ,,,เอกชน,คลินิก (เอกชน)
3992,23923,,สถานพยาบาลกรมแพทย์ทหารบก,,ทุ่งพญาไท,เขตราชเทวี,,กรุงเทพฯ,เขต 13 กรุงเทพมหานคร,,หน่วยบริการในระบบหลักประกันสุขภาพแห่งชาติ,,,รัฐนอก สธ.,สังกัดกระทรวงกลาโหม
3997,23941,,คลินิกทันตกรรม เอส เอ็ม แอล,,วัดเทพศิรินทร์,เขตป้อมปราบศัตรูพ่าย,,กรุงเทพฯ,เขต 13 กรุงเทพมหานคร,,หน่วยบริการในระบบหลักประกันสุขภาพแห่งชาติ,,,เอกชน,คลินิก (เอกชน)
4000,23950,,คลินิกทันตกรรมเดนท์ ดีไฟน์,,พระโขนง,เขตคลองเตย,,กรุงเทพฯ,เขต 13 กรุงเทพมหานคร,,หน่วยบริการในระบบหลักประกันสุขภาพแห่งชาติ,,,เอกชน,คลินิก (เอกชน)
4005,23968,,คลินิกเฉพาะทางด้านเวชกรรมไตเทียมเซ็นทรัล,,หนองค้างพลู,เขตหนองแขม,,กรุงเทพฯ,เขต 13 กรุงเทพมหานคร,,หน่วยบริการในระบบหลักประกันสุขภาพแห่งชาติ,,,เอกชน,คลินิก (เอกชน)
4010,24008,,ทันตแพทย์มนตรีคลินิกทันตกรรม,,บางปะกอก,เขตราษฎร์บูรณะ,,กรุงเทพฯ,เขต 13 กรุงเทพมหานคร,,หน่วยบริการในระบบหลักประกันสุขภาพแห่งชาติ,,,เอกชน,คลินิก (เอกชน)
4018,24037,,โรงพยาบาลพญาไท นวมินทร์,,คลองกุ่ม,เขตบึงกุ่ม,,กรุงเทพฯ,เขต 13 กรุงเทพมหานคร,,หน่วยบริการในระบบหลักประกันสุขภาพแห่งชาติ,,,เอกชน,โรงพยาบาล (เอกชน)
4041,24159,,เนชั่นแนลเฮลท์แคร์ซีสเท็มส์คลินิกเทคนิคการแพทย์,,บางกะปิ,เขตห้วยขวาง,,กรุงเทพฯ,เขต 13 กรุงเทพมหานคร,,หน่วยบริการในระบบหลักประกันสุขภาพแห่งชาติ,,,เอกชน,คลินิก (เอกชน)
4060,24257,,สหคลินิกจุฬารัตน์ 7,,ประเวศ,เขตประเวศ,,กรุงเทพฯ,เขต 13 กรุงเทพมหานคร,,หน่วยบริการในระบบหลักประกันสุขภาพแห่งชาติ,,,เอกชน,คลินิก (เอกชน)
4061,24258,,คลินิกเวชกรรมจุฬารัตน์ 8,,ลาดกระบัง,เขตลาดกระบัง,,กรุงเทพฯ,เขต 13 กรุงเทพมหานคร,,หน่วยบริการในระบบหลักประกันสุขภาพแห่งชาติ,,,เอกชน,คลินิก (เอกชน)
4064,24297,,บางซ่อนคลินิกเวชกรรม,,บางซื่อ,เขตบางซื่อ,,กรุงเทพฯ,เขต 13 กรุงเทพมหานคร,,หน่วยบริการในระบบหลักประกันสุขภาพแห่งชาติ,,,เอกชน,คลินิก (เอกชน)
4069,24305,,คลินิกเสรีการแพทย์,,ประเวศ,เขตประเวศ,,กรุงเทพฯ,เขต 13 กรุงเทพมหานคร,,หน่วยบริการในระบบหลักประกันสุขภาพแห่งชาติ,,,เอกชน,คลินิก (เอกชน)
4075,24380,,มีนบุรีคลินิกเวชกรรม,,มีนบุรี,เขตมีนบุรี,,กรุงเทพฯ,เขต 13 กรุงเทพมหานคร,,หน่วยบริการในระบบหลักประกันสุขภาพแห่งชาติ,,,เอกชน,คลินิก (เอกชน)
4090,24552,,เกียรติการแพทย์คลินิกเวชกรรม สาขาเสรีไทย,,คันนายาว,เขตคันนายาว,,กรุงเทพฯ,เขต 13 กรุงเทพมหานคร,,หน่วยบริการในระบบหลักประกันสุขภาพแห่งชาติ,,,เอกชน,คลินิก (เอกชน)
4110,24694,,คลินิกทันตกรรมพีสไมล์,,หนองแขม,เขตหนองแขม,,กรุงเทพฯ,เขต 13 กรุงเทพมหานคร,,หน่วยบริการในระบบหลักประกันสุขภาพแห่งชาติ,,,เอกชน,คลินิก (เอกชน)
4112,24696,,คลินิกทันตกรรมเจริญผล,,วังใหม่,เขตปทุมวัน,,กรุงเทพฯ,เขต 13 กรุงเทพมหานคร,,หน่วยบริการในระบบหลักประกันสุขภาพแห่งชาติ,,,เอกชน,คลินิก (เอกชน)
4115,24719,,คลินิกเวชกรรมเฉพาะทางไตเทียมตรัยเวชชก์,,หนองค้างพลู,เขตหนองแขม,,กรุงเทพฯ,เขต 13 กรุงเทพมหานคร,,หน่วยบริการในระบบหลักประกันสุขภาพแห่งชาติ,,,เอกชน,คลินิก (เอกชน)
4126,24795,,คลินิกทันตกรรมบ้านฟันฟ้าใส,,บางจาก,เขตพระโขนง,,กรุงเทพฯ,เขต 13 กรุงเทพมหานคร,,หน่วยบริการในระบบหลักประกันสุขภาพแห่งชาติ,,,เอกชน,คลินิก (เอกชน)
4129,24816,,คลินิกทันตกรรม ฟ.ฟัน 27,,ราษฎร์บูรณะ,เขตราษฎร์บูรณะ,,กรุงเทพฯ,เขต 13 กรุงเทพมหานคร,,หน่วยบริการในระบบหลักประกันสุขภาพแห่งชาติ,,,เอกชน,คลินิก (เอกชน)
4150,24977,,ประชาชื่นบางนา เอ็ม อาร์ ไอ คลินิกเฉพาะทางด้านเวชกรรมรังสี,,บางนา,เขตบางนา,,กรุงเทพฯ,เขต 13 กรุงเทพมหานคร,,หน่วยบริการในระบบหลักประกันสุขภาพแห่งชาติ,,,เอกชน,คลินิก (เอกชน)
4153,25015,,โรงพยาบาลทั่วไปขนาดใหญ่มิตรประชา,,บางหว้า,เขตภาษีเจริญ,,กรุงเทพฯ,เขต 13 กรุงเทพมหานคร,,หน่วยบริการในระบบหลักประกันสุขภาพแห่งชาติ,,,เอกชน,โรงพยาบาล (เอกชน)
4154,25032,,เค.พี.เอส.การแพทย์คลินิกเวชกรรมเฉพาะทางโรคไต,,วัดท่าพระ,เขตบางกอกใหญ่,,กรุงเทพฯ,เขต 13 กรุงเทพมหานคร,,หน่วยบริการในระบบหลักประกันสุขภาพแห่งชาติ,,,เอกชน,คลินิก (เอกชน)
4156,25036,,สหคลินิกทางด่วนเพื่อชุมชน(ดินแดง),,ดินแดง,เขตดินแดง,,กรุงเทพฯ,เขต 13 กรุงเทพมหานคร,,หน่วยบริการในระบบหลักประกันสุขภาพแห่งชาติ,,,เอกชน,คลินิก (เอกชน)
4158,25060,,โรงพยาบาลผู้สูงอายุบางขุนเทียน,,ท่าข้าม,เขตบางขุนเทียน,,กรุงเทพฯ,เขต 13 กรุงเทพมหานคร,,หน่วยบริการในระบบหลักประกันสุขภาพแห่งชาติ,,,รัฐนอก สธ.,สังกัดกรุงเทพมหานคร
4159,27442,,คลินิกเวชกรรมเฉพาะทางไตเทียมรื่นฤดี,,ดุสิต,เขตดุสิต,,กรุงเทพฯ,เขต 13 กรุงเทพมหานคร,,หน่วยบริการในระบบหลักประกันสุขภาพแห่งชาติ,,,เอกชน,คลินิก (เอกชน)
4165,28774,,คลินิกเฉพาะทางด้านเวชกรรมไตเทียมเพชรเกษม 94,,บางแคเหนือ,เขตบางแค,,กรุงเทพฯ,เขต 13 กรุงเทพมหานคร,,หน่วยบริการในระบบหลักประกันสุขภาพแห่งชาติ,,,เอกชน,คลินิก (เอกชน)
4166,28777,,ศูนย์การแพทย์บางรัก,,ยานนาวา,เขตสาทร,,กรุงเทพฯ,เขต 13 กรุงเทพมหานคร,,หน่วยบริการในระบบหลักประกันสุขภาพแห่งชาติ,,,รัฐในสธ.(นอก สป.),สังกัดกรมควบคุมโรค
4167,28782,,คลินิกเวชกรรมเฉพาะทางไตเทียมราชวัตร กรุงเทพกรีฑา,,สะพานสูง,เขตสะพานสูง,,กรุงเทพฯ,เขต 13 กรุงเทพมหานคร,,หน่วยบริการในระบบหลักประกันสุขภาพแห่งชาติ,,,เอกชน,คลินิก (เอกชน)
4168,28824,,รามอินทราคลินิกเฉพาะทางด้านเวชกรรมไตเทียม,,อนุสาวรีย์,เขตบางเขน,,กรุงเทพฯ,เขต 13 กรุงเทพมหานคร,,หน่วยบริการในระบบหลักประกันสุขภาพแห่งชาติ,,,เอกชน,คลินิก (เอกชน)
4169,28833,,คลินิกเทคนิคการแพทย์กรุงเทพอาร์ ไอ เอ แล็บ เลขที่ 73,,พลับพลา,เขตวังทองหลาง,,กรุงเทพฯ,เขต 13 กรุงเทพมหานคร,,หน่วยบริการในระบบหลักประกันสุขภาพแห่งชาติ,,,เอกชน,คลินิก (เอกชน)
4170,28834,,จีโนมโมเลกุล แลบบอราตอรี่สหคลินิก,,ลาดพร้าว,เขตลาดพร้าว,,กรุงเทพฯ,เขต 13 กรุงเทพมหานคร,,หน่วยบริการในระบบหลักประกันสุขภาพแห่งชาติ,,,เอกชน,คลินิก (เอกชน)
4171,28835,,คลินิกเทคนิคการแพทย์ศูนย์แลบธนบุรี,,แสมดำ,เขตบางขุนเทียน,,กรุงเทพฯ,เขต 13 กรุงเทพมหานคร,,หน่วยบริการในระบบหลักประกันสุขภาพแห่งชาติ,,,เอกชน,คลินิก (เอกชน)
4172,28836,,คลินิกเฉพาะทางด้านเวชกรรมไตเทียมเจริญนคร 14,,คลองต้นไทร,เขตคลองสาน,,กรุงเทพฯ,เขต 13 กรุงเทพมหานคร,,หน่วยบริการในระบบหลักประกันสุขภาพแห่งชาติ,,,เอกชน,คลินิก (เอกชน)
4183,28892,,ศูนย์บริการสุขภาพแห่งจุฬาลงกรณ์มหาวิทยาลัย,,วังใหม่,เขตปทุมวัน,,กรุงเทพฯ,เขต 13 กรุงเทพมหานคร,,หน่วยบริการในระบบหลักประกันสุขภาพแห่งชาติ,,,รัฐนอก สธ.,สังกัดกระทรวงการอุดมศึกษา วิทยาศาสตร์ วิจัยและนวัตกรรม
4184,28896,,โปรแล็บสหคลินิก,,คลองจั่น,เขตบางกะปิ,,กรุงเทพฯ,เขต 13 กรุงเทพมหานคร,,หน่วยบริการในระบบหลักประกันสุขภาพแห่งชาติ,,,เอกชน,คลินิก (เอกชน)
4198,40498,,คลินิกเฉพาะทางด้านเวชกรรมไตเทียมลุมพินี,,ทุ่งมหาเมฆ,เขตสาทร,,กรุงเทพฯ,เขต 13 กรุงเทพมหานคร,,หน่วยบริการในระบบหลักประกันสุขภาพแห่งชาติ,,,เอกชน,คลินิก (เอกชน)
4199,40731,,สุขผลินไตเทียม คลินิกเวชกรรมเฉพาะทางไตเทียม,,ดอกไม้,เขตประเวศ,,กรุงเทพฯ,เขต 13 กรุงเทพมหานคร,,หน่วยบริการในระบบหลักประกันสุขภาพแห่งชาติ,,,เอกชน,คลินิก (เอกชน)
4201,40733,,ราชพฤกษ์ไตเทียมสหคลินิก,,บ้านช่างหล่อ,เขตบางกอกน้อย,,กรุงเทพฯ,เขต 13 กรุงเทพมหานคร,,หน่วยบริการในระบบหลักประกันสุขภาพแห่งชาติ,,,เอกชน,คลินิก (เอกชน)
4203,40748,,คลินิกเวชกรรมเฉพาะทางไตเทียมมูลนิธิกู้ภัยร่มไทร,,มีนบุรี,เขตมีนบุรี,,กรุงเทพฯ,เขต 13 กรุงเทพมหานคร,,หน่วยบริการในระบบหลักประกันสุขภาพแห่งชาติ,,,เอกชน,คลินิก (เอกชน)
4204,40752,,คลินิกเฉพาะทางด้านเวชกรรมไตเทียมบางชัน,,มีนบุรี,เขตมีนบุรี,,กรุงเทพฯ,เขต 13 กรุงเทพมหานคร,,หน่วยบริการในระบบหลักประกันสุขภาพแห่งชาติ,,,เอกชน,คลินิก (เอกชน)
4207,40813,,เคคลินิกเวชกรรม สาขาอ่อนนุช,,พระโขนงเหนือ,เขตวัฒนา,,กรุงเทพฯ,เขต 13 กรุงเทพมหานคร,,หน่วยบริการในระบบหลักประกันสุขภาพแห่งชาติ,,,เอกชน,คลินิก (เอกชน)
4209,40842,,เค.พี.เอส.การแพทย์คลินิกเฉพาะทางด้านเวชกรรมอายุรศาสตร์โรคไต สาขาพระราม๒,,บางมด,เขตจอมทอง,,กรุงเทพฯ,เขต 13 กรุงเทพมหานคร,,หน่วยบริการในระบบหลักประกันสุขภาพแห่งชาติ,,,เอกชน,คลินิก (เอกชน)
4211,40849,,คลินิกเฉพาะทางด้านเวชกรรมอายุรศาสตร์โรคไต ชัญญเวชไตเทียม สาขาเจริญนคร,,คลองต้นไทร,เขตคลองสาน,,กรุงเทพฯ,เขต 13 กรุงเทพมหานคร,,หน่วยบริการในระบบหลักประกันสุขภาพแห่งชาติ,,,เอกชน,คลินิก (เอกชน)
4212,40856,,โรงพยาบาลสมิติเวชไชน่าทาวน์โรงพยาบาลทั่วไปขนาดกลาง,,สัมพันธวงศ์,เขตสัมพันธวงศ์,,กรุงเทพฯ,เขต 13 กรุงเทพมหานคร,,หน่วยบริการในระบบหลักประกันสุขภาพแห่งชาติ,,,เอกชน,โรงพยาบาล (เอกชน)
4213,40858,,ปัญญาไตเทียมคลินิกเฉพาะทางด้านเวชกรรมอายุรศาสตร์โรคไต,,คันนายาว,เขตคันนายาว,,กรุงเทพฯ,เขต 13 กรุงเทพมหานคร,,หน่วยบริการในระบบหลักประกันสุขภาพแห่งชาติ,,,เอกชน,คลินิก (เอกชน)
4214,40859,,ราชพฤกษ์พระราม 3 คลินิกเวชกรรม,,บางโคล่,เขตบางคอแหลม,,กรุงเทพฯ,เขต 13 กรุงเทพมหานคร,,หน่วยบริการในระบบหลักประกันสุขภาพแห่งชาติ,,,เอกชน,คลินิก (เอกชน)
4215,40860,,ศูนย์รับบริจาคอวัยวะสภากาชาดไทย,,ปทุมวัน,เขตปทุมวัน,,กรุงเทพฯ,เขต 13 กรุงเทพมหานคร,,หน่วยบริการในระบบหลักประกันสุขภาพแห่งชาติ,,,รัฐพิเศษ,สังกัดสภากาชาดไทย
4216,40861,,ศูนย์ดวงตาสภากาชาดไทย,,วังใหม่,เขตปทุมวัน,,กรุงเทพฯ,เขต 13 กรุงเทพมหานคร,,หน่วยบริการในระบบหลักประกันสุขภาพแห่งชาติ,,,รัฐพิเศษ,สังกัดสภากาชาดไทย
4217,40865,,โรงพยาบาลทั่วไปขนาดเล็ก เอส วาย เอช,,อนุสาวรีย์,เขตบางเขน,,กรุงเทพฯ,เขต 13 กรุงเทพมหานคร,,หน่วยบริการในระบบหลักประกันสุขภาพแห่งชาติ,,,เอกชน,โรงพยาบาล (เอกชน)
4220,40889,,ศูนย์กายภาพบำบัด คณะกายภาพบำบัด มหาวิทยาลัยมหิดล,,บางยี่ขัน,เขตบางพลัด,,กรุงเทพฯ,เขต 13 กรุงเทพมหานคร,,หน่วยบริการในระบบหลักประกันสุขภาพแห่งชาติ,,,รัฐนอก สธ.,สังกัดกระทรวงการอุดมศึกษา วิทยาศาสตร์ วิจัยและนวัตกรรม
4221,40890,,คลินิกเฉพาะทางด้านเวชกรรมไตเทียม เค ที เมดิคอล เซอร์วิส,,สวนหลวง,เขตสวนหลวง,,กรุงเทพฯ,เขต 13 กรุงเทพมหานคร,,หน่วยบริการในระบบหลักประกันสุขภาพแห่งชาติ,,,เอกชน,คลินิก (เอกชน)
4223,40892,,หนองจอกคลินิกเฉพาะทางด้านเวชกรรมอายุรศาสตร์โรคไต,,โคกแฝด,เขตหนองจอก,,กรุงเทพฯ,เขต 13 กรุงเทพมหานคร,,หน่วยบริการในระบบหลักประกันสุขภาพแห่งชาติ,,,เอกชน,คลินิก (เอกชน)
4226,40906,,ศูนย์บริการสาธารณสุขโรงพยาบาลทันตกรรม คณะทันตแพทย์ศาสตร์ มหาวิทยาลัยศรีนครินทรวิโรฒ,,คลองเตยเหนือ,เขตวัฒนา,,กรุงเทพฯ,เขต 13 กรุงเทพมหานคร,,หน่วยบริการในระบบหลักประกันสุขภาพแห่งชาติ,,,รัฐนอก สธ.,สังกัดกระทรวงการอุดมศึกษา วิทยาศาสตร์ วิจัยและนวัตกรรม
4228,40968,,พระยาสุเรนทร์คลินิกเวชกรรม,,บางชัน,เขตคลองสามวา,,กรุงเทพฯ,เขต 13 กรุงเทพมหานคร,,หน่วยบริการในระบบหลักประกันสุขภาพแห่งชาติ,,,เอกชน,คลินิก (เอกชน)
4229,40978,,เคสหคลินิก สาขาเดอะช็อปปส์แกรนด์พระราม 9,,ห้วยขวาง,เขตห้วยขวาง,,กรุงเทพฯ,เขต 13 กรุงเทพมหานคร,,หน่วยบริการในระบบหลักประกันสุขภาพแห่งชาติ,,,เอกชน,คลินิก (เอกชน)
4230,40986,,มิตรมวลชนสหคลินิก,,บางนา,เขตบางนา,,กรุงเทพฯ,เขต 13 กรุงเทพมหานคร,,หน่วยบริการในระบบหลักประกันสุขภาพแห่งชาติ,,,เอกชน,คลินิก (เอกชน)
4236,41068,,เอสแอนด์ดับบลิวสหคลินิก,,คลองถนน,เขตสายไหม,,กรุงเทพฯ,เขต 13 กรุงเทพมหานคร,,หน่วยบริการในระบบหลักประกันสุขภาพแห่งชาติ,,,เอกชน,คลินิก (เอกชน)
4239,41072,,โรงพยาบาลทั่วไปขนาดเล็กสหวิทยาการมะลิ,,บางบอน,เขตบางบอน,,กรุงเทพฯ,เขต 13 กรุงเทพมหานคร,,หน่วยบริการในระบบหลักประกันสุขภาพแห่งชาติ,,,เอกชน,โรงพยาบาล (เอกชน)
4240,41073,,มิตรไมตรีสหคลินิก สาขาแก้วเงินทอง,,บางพรม,เขตตลิ่งชัน,,กรุงเทพฯ,เขต 13 กรุงเทพมหานคร,,หน่วยบริการในระบบหลักประกันสุขภาพแห่งชาติ,,,เอกชน,คลินิก (เอกชน)
4242,41078,,ราชพฤกษ์วรรณภาคลินิกเวชกรรม,,แสมดำ,เขตบางขุนเทียน,,กรุงเทพฯ,เขต 13 กรุงเทพมหานคร,,หน่วยบริการในระบบหลักประกันสุขภาพแห่งชาติ,,,เอกชน,คลินิก (เอกชน)
4243,41086,,คลินิกเฉพาะทางด้านเวชกรรมอายุรศาสตร์โรคไตคลินิกพระรามสองไตเทียม,,บางบอน,เขตบางบอน,,กรุงเทพฯ,เขต 13 กรุงเทพมหานคร,,หน่วยบริการในระบบหลักประกันสุขภาพแห่งชาติ,,,เอกชน,คลินิก (เอกชน)
4246,41089,,เคหะร่มเกล้าคลินิกเวชกรรม,,คลองสองต้นนุ่น,เขตลาดกระบัง,,กรุงเทพฯ,เขต 13 กรุงเทพมหานคร,,หน่วยบริการในระบบหลักประกันสุขภาพแห่งชาติ,,,เอกชน,คลินิก (เอกชน)
4247,41090,,ราษฎร์พัฒนาคลินิกเวชกรรม,,สะพานสูง,เขตสะพานสูง,,กรุงเทพฯ,เขต 13 กรุงเทพมหานคร,,หน่วยบริการในระบบหลักประกันสุขภาพแห่งชาติ,,,เอกชน,คลินิก (เอกชน)
4251,41097,,คลินิกเวชกรรมเอเชียติก,,วัดพระยาไกร,เขตบางคอแหลม,,กรุงเทพฯ,เขต 13 กรุงเทพมหานคร,,หน่วยบริการในระบบหลักประกันสุขภาพแห่งชาติ,,,เอกชน,คลินิก (เอกชน)
4255,41324,,คลินิกทันตกรรมมูลนิธิทันตนวัตกรรมในพระบรมราชูปถัมภ์,,วังทองหลาง,เขตวังทองหลาง,,กรุงเทพฯ,เขต 13 กรุงเทพมหานคร,,หน่วยบริการในระบบหลักประกันสุขภาพแห่งชาติ,,,เอกชน,คลินิก (เอกชน)
4257,41369,,เค.พี.เอส.การแพทย์คลินิกเฉพาะทางด้านเวชกรรมอายุรศาสตร์โรคไต สาขาบางขุนเทียน,,แสมดำ,เขตบางขุนเทียน,,กรุงเทพฯ,เขต 13 กรุงเทพมหานคร,,หน่วยบริการในระบบหลักประกันสุขภาพแห่งชาติ,,,เอกชน,คลินิก (เอกชน)
4258,41370,,เอพีเอสคลินิกเฉพาะทางด้านเวชกรรมไตเทียม,,สามเสนใน,เขตพญาไท,,กรุงเทพฯ,เขต 13 กรุงเทพมหานคร,,หน่วยบริการในระบบหลักประกันสุขภาพแห่งชาติ,,,เอกชน,คลินิก (เอกชน)
4259,41371,,โรงพยาบาลพระจอมเกล้าเจ้าคุณทหาร,,ลาดกระบัง,เขตลาดกระบัง,,กรุงเทพฯ,เขต 13 กรุงเทพมหานคร,,หน่วยบริการในระบบหลักประกันสุขภาพแห่งชาติ,,,รัฐนอก สธ.,สังกัดกระทรวงการอุดมศึกษา วิทยาศาสตร์ วิจัยและนวัตกรรม
4265,41399,,คลินิกเวชกรรมประชาราษฎร์,,บางซื่อ,เขตบางซื่อ,,กรุงเทพฯ,เขต 13 กรุงเทพมหานคร,,หน่วยบริการในระบบหลักประกันสุขภาพแห่งชาติ,,,เอกชน,คลินิก (เอกชน)
4267,41401,,พันธมิตรรามอินทราคลินิกเฉพาะทางด้านเวชกรรมไตเทียม,,คันนายาว,เขตคันนายาว,,กรุงเทพฯ,เขต 13 กรุงเทพมหานคร,,หน่วยบริการในระบบหลักประกันสุขภาพแห่งชาติ,,,เอกชน,คลินิก (เอกชน)
4269,41403,,สถานพยาบาลเรือนจำกลางคลองเปรม,,ลาดยาว,เขตจตุจักร,,กรุงเทพฯ,เขต 13 กรุงเทพมหานคร,,หน่วยบริการในระบบหลักประกันสุขภาพแห่งชาติ,,,รัฐนอก สธ.,สังกัดกระทรวงยุติธรรม
4270,41406,,นครินทร์ไตเทียมคลินิกเฉพาะทางด้านเวชกรรมอายุรศาสตร์โรคไต,,บางนา,เขตบางนา,,กรุงเทพฯ,เขต 13 กรุงเทพมหานคร,,หน่วยบริการในระบบหลักประกันสุขภาพแห่งชาติ,,,เอกชน,คลินิก (เอกชน)
4272,41408,,คลินิกเวชกรรมกล้วยน้ำไท สาขาพหลโยธิน,,สามเสนใน,เขตพญาไท,,กรุงเทพฯ,เขต 13 กรุงเทพมหานคร,,หน่วยบริการในระบบหลักประกันสุขภาพแห่งชาติ,,,เอกชน,คลินิก (เอกชน)
4274,41414,,โรงพยาบาลทหารอากาศ (สีกัน),,สีกัน,เขตดอนเมือง,,กรุงเทพฯ,เขต 13 กรุงเทพมหานคร,,หน่วยบริการในระบบหลักประกันสุขภาพแห่งชาติ,,,รัฐนอก สธ.,สังกัดกระทรวงกลาโหม
4279,41511,,สถานพยาบาลมหาวิทยาลัยเกษตรศาสตร์,,ลาดยาว,เขตจตุจักร,,กรุงเทพฯ,เขต 13 กรุงเทพมหานคร,,หน่วยบริการในระบบหลักประกันสุขภาพแห่งชาติ,,,รัฐนอก สธ.,สังกัดกระทรวงการอุดมศึกษา วิทยาศาสตร์ วิจัยและนวัตกรรม
4280,41520,,ชุมชนอบอุ่นสหคลินิก (เวชกรรมและการแพทย์แผนไทย),,ดินแดง,เขตดินแดง,,กรุงเทพฯ,เขต 13 กรุงเทพมหานคร,,หน่วยบริการในระบบหลักประกันสุขภาพแห่งชาติ,,,เอกชน,คลินิก (เอกชน)
4281,41522,,โรงพยาบาลรัตนประชารักษ์,,สามวาตะวันออก,เขตคลองสามวา,,กรุงเทพฯ,เขต 13 กรุงเทพมหานคร,,หน่วยบริการในระบบหลักประกันสุขภาพแห่งชาติ,,,รัฐนอก สธ.,สังกัดกรุงเทพมหานคร
4282,41527,,คลินิกเวชกรรมชุมชน,,คลองเตย,เขตคลองเตย,,กรุงเทพฯ,เขต 13 กรุงเทพมหานคร,,หน่วยบริการในระบบหลักประกันสุขภาพแห่งชาติ,,,เอกชน,คลินิก (เอกชน)
4284,41531,,คลินิกเวชกรรมพิทักษ์,,ปากคลองภาษีเจริญ,เขตภาษีเจริญ,,กรุงเทพฯ,เขต 13 กรุงเทพมหานคร,,หน่วยบริการในระบบหลักประกันสุขภาพแห่งชาติ,,,เอกชน,คลินิก (เอกชน)
4285,41532,,มิตรมวลชนคลินิกเวชกรรม,,บางนา,เขตบางนา,,กรุงเทพฯ,เขต 13 กรุงเทพมหานคร,,หน่วยบริการในระบบหลักประกันสุขภาพแห่งชาติ,,,เอกชน,คลินิก (เอกชน)
4298,41557,,คลินิกเฉพาะทางด้านเวชกรรมอายุรศาสตร์โรคไตบางปะกอกไตเทียม,,บางปะกอก,เขตราษฎร์บูรณะ,,กรุงเทพฯ,เขต 13 กรุงเทพมหานคร,,หน่วยบริการในระบบหลักประกันสุขภาพแห่งชาติ,,,เอกชน,คลินิก (เอกชน)
4305,41570,,คลินิกทันตกรรมบ้านหมอหน่อย สาขาถนนจันทน์,,ทุ่งวัดดอน,เขตสาทร,,กรุงเทพฯ,เขต 13 กรุงเทพมหานคร,,หน่วยบริการในระบบหลักประกันสุขภาพแห่งชาติ,,,เอกชน,คลินิก (เอกชน)
4307,41575,,คลินิกเฉพาะทางด้านเวชกรรมอายุรศาสตร์โรคไตจริงใจไตเทียม,,บางอ้อ,เขตบางพลัด,,กรุงเทพฯ,เขต 13 กรุงเทพมหานคร,,หน่วยบริการในระบบหลักประกันสุขภาพแห่งชาติ,,,เอกชน,คลินิก (เอกชน)
4310,41580,,โรงพยาบาลบุญญาเวช โรงพยาบาลทั่วไปขนาดเล็ก,,บางแคเหนือ,เขตบางแค,,กรุงเทพฯ,เขต 13 กรุงเทพมหานคร,,หน่วยบริการในระบบหลักประกันสุขภาพแห่งชาติ,,,เอกชน,โรงพยาบาล (เอกชน)
4311,41582,,โรงพยาบาลบางนากรุงเทพมหานคร,,บางนา,เขตบางนา,,กรุงเทพฯ,เขต 13 กรุงเทพมหานคร,,หน่วยบริการในระบบหลักประกันสุขภาพแห่งชาติ,,,รัฐนอก สธ.,สังกัดกรุงเทพมหานคร
4312,41584,,งานแพทย์และอนามัย วิทยาเขตบางนา มหาวิทยาลัยรามคำแหง,,ดอกไม้,เขตประเวศ,,กรุงเทพฯ,เขต 13 กรุงเทพมหานคร,,หน่วยบริการในระบบหลักประกันสุขภาพแห่งชาติ,,,รัฐนอก สธ.,สังกัดกระทรวงการอุดมศึกษา วิทยาศาสตร์ วิจัยและนวัตกรรม
4314,41588,,รามอินทรา 74 คลินิกเวชกรรม,,คันนายาว,เขตคันนายาว,,กรุงเทพฯ,เขต 13 กรุงเทพมหานคร,,หน่วยบริการในระบบหลักประกันสุขภาพแห่งชาติ,,,เอกชน,คลินิก (เอกชน)
4319,41599,,เอ็มสไมล์เด็นทัลคลินิกทันตกรรม,,สายไหม,เขตสายไหม,,กรุงเทพฯ,เขต 13 กรุงเทพมหานคร,,หน่วยบริการในระบบหลักประกันสุขภาพแห่งชาติ,,,เอกชน,คลินิก (เอกชน)
4323,41629,,สหคลินิกมูลนิธิกู้ภัยร่มไทร,,มีนบุรี,เขตมีนบุรี,,กรุงเทพฯ,เขต 13 กรุงเทพมหานคร,,หน่วยบริการในระบบหลักประกันสุขภาพแห่งชาติ,,,เอกชน,คลินิก (เอกชน)
4325,41636,,เพื่อนสุขภาพสหคลินิก,,ออเงิน,เขตสายไหม,,กรุงเทพฯ,เขต 13 กรุงเทพมหานคร,,หน่วยบริการในระบบหลักประกันสุขภาพแห่งชาติ,,,เอกชน,คลินิก (เอกชน)
4326,41638,,พร้อมสะพรั่งคลินิกเฉพาะทางด้านเวชกรรมไตเทียม,,คลองตันเหนือ,เขตวัฒนา,,กรุงเทพฯ,เขต 13 กรุงเทพมหานคร,,หน่วยบริการในระบบหลักประกันสุขภาพแห่งชาติ,,,เอกชน,คลินิก (เอกชน)
4329,41642,,เดอะซีพลัสสหคลินิก,,บางนา,เขตบางนา,,กรุงเทพฯ,เขต 13 กรุงเทพมหานคร,,หน่วยบริการในระบบหลักประกันสุขภาพแห่งชาติ,,,เอกชน,คลินิก (เอกชน)
4333,41646,,อิสรภาพคลินิกเฉพาะทางด้านเวชกรรมไตเทียม,,บ้านช่างหล่อ,เขตบางกอกน้อย,,กรุงเทพฯ,เขต 13 กรุงเทพมหานคร,,หน่วยบริการในระบบหลักประกันสุขภาพแห่งชาติ,,,เอกชน,คลินิก (เอกชน)
4335,41649,,คลินิกทันตกรรมลักษ์ฟัน,,คันนายาว,เขตคันนายาว,,กรุงเทพฯ,เขต 13 กรุงเทพมหานคร,,หน่วยบริการในระบบหลักประกันสุขภาพแห่งชาติ,,,เอกชน,คลินิก (เอกชน)
4342,41659,,สหคลินิกเมดิคอลไลน์แล็บ,,คลองจั่น,เขตบางกะปิ,,กรุงเทพฯ,เขต 13 กรุงเทพมหานคร,,หน่วยบริการในระบบหลักประกันสุขภาพแห่งชาติ,,,เอกชน,คลินิก (เอกชน)
4347,41666,,สหคลินิกมิตรสัมพันธ์,,บางบอน,เขตบางบอน,,กรุงเทพฯ,เขต 13 กรุงเทพมหานคร,,หน่วยบริการในระบบหลักประกันสุขภาพแห่งชาติ,,,เอกชน,คลินิก (เอกชน)
4350,41669,,บ้าน ฟ.ฟัน คลินิกทันตกรรม,,สามเสนนอก,เขตห้วยขวาง,,กรุงเทพฯ,เขต 13 กรุงเทพมหานคร,,หน่วยบริการในระบบหลักประกันสุขภาพแห่งชาติ,,,เอกชน,คลินิก (เอกชน)
4353,41672,,ปาริชาดคลินิกการพยาบาลและการผดุงครรภ์,,ฉิมพลี,เขตตลิ่งชัน,,กรุงเทพฯ,เขต 13 กรุงเทพมหานคร,,หน่วยบริการในระบบหลักประกันสุขภาพแห่งชาติ,,,เอกชน,คลินิก (เอกชน)
4354,41673,,คลินิกทันตกรรมเพื่อชุมชนมูลนิธิกัลยาณวิสุทธิ์,,ยานนาวา,เขตสาทร,,กรุงเทพฯ,เขต 13 กรุงเทพมหานคร,,หน่วยบริการในระบบหลักประกันสุขภาพแห่งชาติ,,,เอกชน,คลินิก (เอกชน)
4356,41677,,คลินิกเฉพาะทางด้านเวชกรรมไตเทียมเซ็นจูรี่แคร์,,ลาดกระบัง,เขตลาดกระบัง,,กรุงเทพฯ,เขต 13 กรุงเทพมหานคร,,หน่วยบริการในระบบหลักประกันสุขภาพแห่งชาติ,,,เอกชน,คลินิก (เอกชน)
4359,41680,,สิรีเวช 23 คลินิกเฉพาะทางด้านเวชกรรมอายุรศาสตร์โรคไต,,อนุสาวรีย์,เขตบางเขน,,กรุงเทพฯ,เขต 13 กรุงเทพมหานคร,,หน่วยบริการในระบบหลักประกันสุขภาพแห่งชาติ,,,เอกชน,คลินิก (เอกชน)
4360,41682,,ฟ.ฟัน คลินิกทันตกรรม,,หนองแขม,เขตหนองแขม,,กรุงเทพฯ,เขต 13 กรุงเทพมหานคร,,หน่วยบริการในระบบหลักประกันสุขภาพแห่งชาติ,,,เอกชน,คลินิก (เอกชน)
4361,41683,,หทัยราษฎร์ 39 คลินิกเวชกรรม,,สามวาตะวันตก,เขตคลองสามวา,,กรุงเทพฯ,เขต 13 กรุงเทพมหานคร,,หน่วยบริการในระบบหลักประกันสุขภาพแห่งชาติ,,,เอกชน,คลินิก (เอกชน)
4364,41688,,นวมินทร์ 9-99 สหคลินิก,,มีนบุรี,เขตมีนบุรี,,กรุงเทพฯ,เขต 13 กรุงเทพมหานคร,,หน่วยบริการในระบบหลักประกันสุขภาพแห่งชาติ,,,เอกชน,คลินิก (เอกชน)
4365,41689,,นิโปรคลินิกเฉพาะทางด้านเวชกรรมไตเทียม,,ตลาดบางเขน,เขตหลักสี่,,กรุงเทพฯ,เขต 13 กรุงเทพมหานคร,,หน่วยบริการในระบบหลักประกันสุขภาพแห่งชาติ,,,เอกชน,คลินิก (เอกชน)
4366,41690,,คลินิกเวชกรรมกล้วยน้ำไท สาขาสวนเพลิน,,คลองตัน,เขตคลองเตย,,กรุงเทพฯ,เขต 13 กรุงเทพมหานคร,,หน่วยบริการในระบบหลักประกันสุขภาพแห่งชาติ,,,เอกชน,คลินิก (เอกชน)
4367,41691,,คลินิกเฉพาะทางด้านเวชกรรมอายุรศาสตร์โรคไต ชัญญเวชหนองแขม,,หนองค้างพลู,เขตหนองแขม,,กรุงเทพฯ,เขต 13 กรุงเทพมหานคร,,หน่วยบริการในระบบหลักประกันสุขภาพแห่งชาติ,,,เอกชน,คลินิก (เอกชน)
4368,41692,,คลินิกเทคนิคการแพทย์ฟ้าสีรุ้งรามคำแหง,,หัวหมาก,เขตบางกะปิ,,กรุงเทพฯ,เขต 13 กรุงเทพมหานคร,,หน่วยบริการในระบบหลักประกันสุขภาพแห่งชาติ,,,เอกชน,คลินิก (เอกชน)
4371,41699,,รัตนรักษ์คลินิกเวชกรรม,,รามอินทรา,เขตคันนายาว,,กรุงเทพฯ,เขต 13 กรุงเทพมหานคร,,หน่วยบริการในระบบหลักประกันสุขภาพแห่งชาติ,,,เอกชน,คลินิก (เอกชน)
4372,41700,,โรงพยาบาลทั่วไปขนาดใหญ่ สินแพทย์ ศรีนครินทร์,,หนองบอน,เขตประเวศ,,กรุงเทพฯ,เขต 13 กรุงเทพมหานคร,,หน่วยบริการในระบบหลักประกันสุขภาพแห่งชาติ,,,เอกชน,โรงพยาบาล (เอกชน)
4378,41717,,คลินิกทันตกรรมยิ้ม,,บางมด,เขตจอมทอง,,กรุงเทพฯ,เขต 13 กรุงเทพมหานคร,,หน่วยบริการในระบบหลักประกันสุขภาพแห่งชาติ,,,เอกชน,คลินิก (เอกชน)
4379,41718,,คลินิกเฉพาะทางด้านเวชกรรมไตเทียมรัตนบดินทร์,,หนองบอน,เขตประเวศ,,กรุงเทพฯ,เขต 13 กรุงเทพมหานคร,,หน่วยบริการในระบบหลักประกันสุขภาพแห่งชาติ,,,เอกชน,คลินิก (เอกชน)
4381,41720,,คลินิกทันตกรรมนาวง,,สีกัน,เขตดอนเมือง,,กรุงเทพฯ,เขต 13 กรุงเทพมหานคร,,หน่วยบริการในระบบหลักประกันสุขภาพแห่งชาติ,,,เอกชน,คลินิก (เอกชน)
4383,41724,,มิตรรักสุขภาพคลินิกเวชกรรม,,มีนบุรี,เขตมีนบุรี,,กรุงเทพฯ,เขต 13 กรุงเทพมหานคร,,หน่วยบริการในระบบหลักประกันสุขภาพแห่งชาติ,,,เอกชน,คลินิก (เอกชน)
4385,41726,,เจริญกรุง 2 คลินิกเฉพาะทางด้านเวชกรรมอายุรศาสตร์โรคไต,,บางโคล่,เขตบางคอแหลม,,กรุงเทพฯ,เขต 13 กรุงเทพมหานคร,,หน่วยบริการในระบบหลักประกันสุขภาพแห่งชาติ,,,เอกชน,คลินิก (เอกชน)
4390,41739,,ศิริพัฒน์รามอินทราคลินิกเวชกรรม,,มีนบุรี,เขตมีนบุรี,,กรุงเทพฯ,เขต 13 กรุงเทพมหานคร,,หน่วยบริการในระบบหลักประกันสุขภาพแห่งชาติ,,,เอกชน,คลินิก (เอกชน)
4392,41741,,ธรรมวัฒน์คลินิกเวชกรรม สาขาทุ่งวัดดอน,,ทุ่งวัดดอน,เขตสาทร,,กรุงเทพฯ,เขต 13 กรุงเทพมหานคร,,หน่วยบริการในระบบหลักประกันสุขภาพแห่งชาติ,,,เอกชน,คลินิก (เอกชน)
4393,41742,,ธรรมวัฒน์คลินิกเวชกรรม,,บางโคล่,เขตบางคอแหลม,,กรุงเทพฯ,เขต 13 กรุงเทพมหานคร,,หน่วยบริการในระบบหลักประกันสุขภาพแห่งชาติ,,,เอกชน,คลินิก (เอกชน)
4394,41743,,รักษ์ศิริคลินิกเวชกรรม,,ช่องนนทรี,เขตยานนาวา,,กรุงเทพฯ,เขต 13 กรุงเทพมหานคร,,หน่วยบริการในระบบหลักประกันสุขภาพแห่งชาติ,,,เอกชน,คลินิก (เอกชน)
4395,41753,,คลินิกเวชกรรมบ้านอัมรินทร์,,คลองกุ่ม,เขตบึงกุ่ม,,กรุงเทพฯ,เขต 13 กรุงเทพมหานคร,,หน่วยบริการในระบบหลักประกันสุขภาพแห่งชาติ,,,เอกชน,คลินิก (เอกชน)
4396,41754,,ลาดพร้าว 114 คลินิกเฉพาะทางด้านเวชกรรมไตเทียม,,วังทองหลาง,เขตวังทองหลาง,,กรุงเทพฯ,เขต 13 กรุงเทพมหานคร,,หน่วยบริการในระบบหลักประกันสุขภาพแห่งชาติ,,,เอกชน,คลินิก (เอกชน)
4398,41757,,ศิริพัฒน์ทวีวัฒนาคลินิกเวชกรรม,,ทวีวัฒนา,เขตทวีวัฒนา,,กรุงเทพฯ,เขต 13 กรุงเทพมหานคร,,หน่วยบริการในระบบหลักประกันสุขภาพแห่งชาติ,,,เอกชน,คลินิก (เอกชน)
4399,41758,,คลินิกเวชกรรมหมู่บ้านนักกีฬา,,สะพานสูง,เขตสะพานสูง,,กรุงเทพฯ,เขต 13 กรุงเทพมหานคร,,หน่วยบริการในระบบหลักประกันสุขภาพแห่งชาติ,,,เอกชน,คลินิก (เอกชน)
4404,41770,,คลินิกทันตกรรมรักยิ้ม,,ท่าแร้ง,เขตบางเขน,,กรุงเทพฯ,เขต 13 กรุงเทพมหานคร,,หน่วยบริการในระบบหลักประกันสุขภาพแห่งชาติ,,,เอกชน,คลินิก (เอกชน)
4409,41787,,คลินิกทันตกรรมเกษตรเด็นทัล,,ลาดยาว,เขตจตุจักร,,กรุงเทพฯ,เขต 13 กรุงเทพมหานคร,,หน่วยบริการในระบบหลักประกันสุขภาพแห่งชาติ,,,เอกชน,คลินิก (เอกชน)
4410,41788,,คลินิกเทคนิคการแพทย์รามคำแหง,,หัวหมาก,เขตบางกะปิ,,กรุงเทพฯ,เขต 13 กรุงเทพมหานคร,,หน่วยบริการในระบบหลักประกันสุขภาพแห่งชาติ,,,เอกชน,คลินิก (เอกชน)
4411,41789,,สถาบันวิจัยวิทยาศาสตร์การแพทย์ทหาร,,ทุ่งพญาไท,เขตราชเทวี,,กรุงเทพฯ,เขต 13 กรุงเทพมหานคร,,หน่วยบริการในระบบหลักประกันสุขภาพแห่งชาติ,,,รัฐนอก สธ.,สังกัดกระทรวงกลาโหม
4412,41792,,หวนจียีนเทคโนโลยีคลินิกเทคนิคการแพทย์,,วังทองหลาง,เขตวังทองหลาง,,กรุงเทพฯ,เขต 13 กรุงเทพมหานคร,,หน่วยบริการในระบบหลักประกันสุขภาพแห่งชาติ,,,เอกชน,คลินิก (เอกชน)
4413,41793,,พีซีที ลาบอราตอรี่ เซอร์วิส คลินิกเทคนิคการแพทย์,,บางพลัด,เขตบางพลัด,,กรุงเทพฯ,เขต 13 กรุงเทพมหานคร,,หน่วยบริการในระบบหลักประกันสุขภาพแห่งชาติ,,,เอกชน,คลินิก (เอกชน)
4414,41794,,บี เอ็ม แอล คลินิกเทคนิคการแพทย์,,บางกะปิ,เขตห้วยขวาง,,กรุงเทพฯ,เขต 13 กรุงเทพมหานคร,,หน่วยบริการในระบบหลักประกันสุขภาพแห่งชาติ,,,เอกชน,คลินิก (เอกชน)
4416,41796,,คลินิกเทคนิคการแพทย์วิประกษิต,,ฉิมพลี,เขตตลิ่งชัน,,กรุงเทพฯ,เขต 13 กรุงเทพมหานคร,,หน่วยบริการในระบบหลักประกันสุขภาพแห่งชาติ,,,เอกชน,คลินิก (เอกชน)
4417,41797,,ศูนย์บริการสาธารณสุข69 คันนายาว,,คันนายาว,เขตคันนายาว,,กรุงเทพฯ,เขต 13 กรุงเทพมหานคร,,หน่วยบริการในระบบหลักประกันสุขภาพแห่งชาติ,,,รัฐนอก สธ.,สังกัดกรุงเทพมหานคร
4419,41807,,รักษ์ศิริคลินิกเวชกรรม สาขาบางโคล่,,บางโคล่,เขตบางคอแหลม,,กรุงเทพฯ,เขต 13 กรุงเทพมหานคร,,หน่วยบริการในระบบหลักประกันสุขภาพแห่งชาติ,,,เอกชน,คลินิก (เอกชน)
4420,41815,,คลินิกเฉพาะทางด้านเวชกรรมอายุรศาสตร์โรคไต ดาวิต้าเมดิคอล,,มีนบุรี,เขตมีนบุรี,,กรุงเทพฯ,เขต 13 กรุงเทพมหานคร,,หน่วยบริการในระบบหลักประกันสุขภาพแห่งชาติ,,,เอกชน,คลินิก (เอกชน)
4423,41820,,มิตรมวลชนคลินิกเวชกรรม สาขาคลองสามวา,,บางชัน,เขตคลองสามวา,,กรุงเทพฯ,เขต 13 กรุงเทพมหานคร,,หน่วยบริการในระบบหลักประกันสุขภาพแห่งชาติ,,,เอกชน,คลินิก (เอกชน)
4424,41821,,มิตรไมตรีคลินิกเวชกรรม สาขาศรีเพชร,,หนองค้างพลู,เขตหนองแขม,,กรุงเทพฯ,เขต 13 กรุงเทพมหานคร,,หน่วยบริการในระบบหลักประกันสุขภาพแห่งชาติ,,,เอกชน,คลินิก (เอกชน)
4426,41823,,มิตรไมตรีคลินิกเวชกรรม,,หนองแขม,เขตหนองแขม,,กรุงเทพฯ,เขต 13 กรุงเทพมหานคร,,หน่วยบริการในระบบหลักประกันสุขภาพแห่งชาติ,,,เอกชน,คลินิก (เอกชน)
4428,41827,,คลินิกเทคนิคการแพทย์แบงคอกจีโนมิกส์,,พระโขนง,เขตคลองเตย,,กรุงเทพฯ,เขต 13 กรุงเทพมหานคร,,หน่วยบริการในระบบหลักประกันสุขภาพแห่งชาติ,,,เอกชน,คลินิก (เอกชน)
4429,41828,,วราภรณ์คลินิกเวชกรรม,,ตลิ่งชัน,เขตตลิ่งชัน,,กรุงเทพฯ,เขต 13 กรุงเทพมหานคร,,หน่วยบริการในระบบหลักประกันสุขภาพแห่งชาติ,,,เอกชน,คลินิก (เอกชน)
4430,41835,,คลินิกทันตกรรมเด้นท์คลีนิค,,ถนนเพชรบุรี,เขตราชเทวี,,กรุงเทพฯ,เขต 13 กรุงเทพมหานคร,,หน่วยบริการในระบบหลักประกันสุขภาพแห่งชาติ,,,เอกชน,คลินิก (เอกชน)
4431,41837,,คลินิกเวชกรรมปราการ,,บ้านบาตร,เขตป้อมปราบศัตรูพ่าย,,กรุงเทพฯ,เขต 13 กรุงเทพมหานคร,,หน่วยบริการในระบบหลักประกันสุขภาพแห่งชาติ,,,เอกชน,คลินิก (เอกชน)
4432,41838,,ทองหล่อ 20 คลินิกเวชกรรม,,คลองตันเหนือ,เขตวัฒนา,,กรุงเทพฯ,เขต 13 กรุงเทพมหานคร,,หน่วยบริการในระบบหลักประกันสุขภาพแห่งชาติ,,,เอกชน,คลินิก (เอกชน)
4433,41839,,จักรพรรดิ์พงษ์คลินิกเวชกรรม,,วัดโสมนัส,เขตป้อมปราบศัตรูพ่าย,,กรุงเทพฯ,เขต 13 กรุงเทพมหานคร,,หน่วยบริการในระบบหลักประกันสุขภาพแห่งชาติ,,,เอกชน,คลินิก (เอกชน)
4435,41843,,คลินิกเวชกรรมศศิการแพทย์,,บางขุนศรี,เขตบางกอกน้อย,,กรุงเทพฯ,เขต 13 กรุงเทพมหานคร,,หน่วยบริการในระบบหลักประกันสุขภาพแห่งชาติ,,,เอกชน,คลินิก (เอกชน)
4437,41846,,คลินิกทันตกรรมฟอร์จูนเดนทัลโฮม,,มีนบุรี,เขตมีนบุรี,,กรุงเทพฯ,เขต 13 กรุงเทพมหานคร,,หน่วยบริการในระบบหลักประกันสุขภาพแห่งชาติ,,,เอกชน,คลินิก (เอกชน)
4439,41848,,เกษมวัฒนาคลินิกเวชกรรม,,ศาลาธรรมสพน์,เขตทวีวัฒนา,,กรุงเทพฯ,เขต 13 กรุงเทพมหานคร,,หน่วยบริการในระบบหลักประกันสุขภาพแห่งชาติ,,,เอกชน,คลินิก (เอกชน)
4440,41849,,คลินิกเวชกรรมรักประชา มาเจริญ,,หนองแขม,เขตหนองแขม,,กรุงเทพฯ,เขต 13 กรุงเทพมหานคร,,หน่วยบริการในระบบหลักประกันสุขภาพแห่งชาติ,,,เอกชน,คลินิก (เอกชน)
4441,41850,,พุทธสุวรรณคลินิกเวชกรรม,,หนองค้างพลู,เขตหนองแขม,,กรุงเทพฯ,เขต 13 กรุงเทพมหานคร,,หน่วยบริการในระบบหลักประกันสุขภาพแห่งชาติ,,,เอกชน,คลินิก (เอกชน)
4442,41852,,ณัฐธิดาคลินิกเวชกรรม สาขา 2,,ดอนเมือง,เขตดอนเมือง,,กรุงเทพฯ,เขต 13 กรุงเทพมหานคร,,หน่วยบริการในระบบหลักประกันสุขภาพแห่งชาติ,,,เอกชน,คลินิก (เอกชน)
4443,41854,,คลินิกทันตกรรมพีพีเค,,สวนหลวง,เขตสวนหลวง,,กรุงเทพฯ,เขต 13 กรุงเทพมหานคร,,หน่วยบริการในระบบหลักประกันสุขภาพแห่งชาติ,,,เอกชน,คลินิก (เอกชน)
4445,41856,,สหคลินิกมหาวิทยาลัยกรุงเทพธนบุรี,,ทวีวัฒนา,เขตทวีวัฒนา,,กรุงเทพฯ,เขต 13 กรุงเทพมหานคร,,หน่วยบริการในระบบหลักประกันสุขภาพแห่งชาติ,,,เอกชน,คลินิก (เอกชน)
4446,41860,,คลินิกเวชกรรมเอสเทค,,ฉิมพลี,เขตตลิ่งชัน,,กรุงเทพฯ,เขต 13 กรุงเทพมหานคร,,หน่วยบริการในระบบหลักประกันสุขภาพแห่งชาติ,,,เอกชน,คลินิก (เอกชน)
4449,41863,,ศักศิริคลินิกเวชกรรม,,ศาลาธรรมสพน์,เขตทวีวัฒนา,,กรุงเทพฯ,เขต 13 กรุงเทพมหานคร,,หน่วยบริการในระบบหลักประกันสุขภาพแห่งชาติ,,,เอกชน,คลินิก (เอกชน)
4450,41864,,รักษ์ศิริคลินิกเวชกรรม สาขาทุ่งครุ,,ทุ่งครุ,เขตทุ่งครุ,,กรุงเทพฯ,เขต 13 กรุงเทพมหานคร,,หน่วยบริการในระบบหลักประกันสุขภาพแห่งชาติ,,,เอกชน,คลินิก (เอกชน)
4455,41870,,ศิริวัฒนาคลินิกเวชกรรม,,สัมพันธวงศ์,เขตสัมพันธวงศ์,,กรุงเทพฯ,เขต 13 กรุงเทพมหานคร,,หน่วยบริการในระบบหลักประกันสุขภาพแห่งชาติ,,,เอกชน,คลินิก (เอกชน)
4462,41888,,สหคลินิกสุวรรณภูมิเฮลท์เมด,,สวนหลวง,เขตสวนหลวง,,กรุงเทพฯ,เขต 13 กรุงเทพมหานคร,,หน่วยบริการในระบบหลักประกันสุขภาพแห่งชาติ,,,เอกชน,คลินิก (เอกชน)
4468,41903,,นวมินทร์ 1 สหคลินิก,,มีนบุรี,เขตมีนบุรี,,กรุงเทพฯ,เขต 13 กรุงเทพมหานคร,,หน่วยบริการในระบบหลักประกันสุขภาพแห่งชาติ,,,เอกชน,คลินิก (เอกชน)
4469,41904,,นวมินทร์คลินิกเวชกรรม,,มีนบุรี,เขตมีนบุรี,,กรุงเทพฯ,เขต 13 กรุงเทพมหานคร,,หน่วยบริการในระบบหลักประกันสุขภาพแห่งชาติ,,,เอกชน,คลินิก (เอกชน)
4470,41907,,ลาดกระบังไตเทียมคลินิกเฉพาะทางด้านเวชกรรมไตเทียม,,ลาดกระบัง,เขตลาดกระบัง,,กรุงเทพฯ,เขต 13 กรุงเทพมหานคร,,หน่วยบริการในระบบหลักประกันสุขภาพแห่งชาติ,,,เอกชน,คลินิก (เอกชน)
4473,41912,,หน้านิคมลาดกระบังคลินิกเวชกรรม,,ลำปลาทิว,เขตลาดกระบัง,,กรุงเทพฯ,เขต 13 กรุงเทพมหานคร,,หน่วยบริการในระบบหลักประกันสุขภาพแห่งชาติ,,,เอกชน,คลินิก (เอกชน)
4475,41914,,คลินิกทันตกรรมดีซีเดนทัลโฮม สาขารามคำแหง,,หัวหมาก,เขตบางกะปิ,,กรุงเทพฯ,เขต 13 กรุงเทพมหานคร,,หน่วยบริการในระบบหลักประกันสุขภาพแห่งชาติ,,,เอกชน,คลินิก (เอกชน)
4476,41915,,คลินิกทันตกรรมดีซีเดนทัลโฮม,,จอมพล,เขตจตุจักร,,กรุงเทพฯ,เขต 13 กรุงเทพมหานคร,,หน่วยบริการในระบบหลักประกันสุขภาพแห่งชาติ,,,เอกชน,คลินิก (เอกชน)
4477,41916,,คลินิกทันตกรรมดีซีเดนทัลโฮม สาขาเซนต์หลุยส์,,ทุ่งวัดดอน,เขตสาทร,,กรุงเทพฯ,เขต 13 กรุงเทพมหานคร,,หน่วยบริการในระบบหลักประกันสุขภาพแห่งชาติ,,,เอกชน,คลินิก (เอกชน)
4478,41917,,คลินิกทันตกรรมดีซีเดนทัลโฮม สาขาแฮปปี้อเวนิว (ดอนเมือง),,ดอนเมือง,เขตดอนเมือง,,กรุงเทพฯ,เขต 13 กรุงเทพมหานคร,,หน่วยบริการในระบบหลักประกันสุขภาพแห่งชาติ,,,เอกชน,คลินิก (เอกชน)
4479,41918,,คลินิกทันตกรรมดีซีเดนทัลโฮม สาขาประชาอุทิศ,,ทุ่งครุ,เขตทุ่งครุ,,กรุงเทพฯ,เขต 13 กรุงเทพมหานคร,,หน่วยบริการในระบบหลักประกันสุขภาพแห่งชาติ,,,เอกชน,คลินิก (เอกชน)
4484,41928,,คลินิกเฉพาะทางด้านเวชกรรมไตเทียมวชิราเวช,,นวลจันทร์,เขตบึงกุ่ม,,กรุงเทพฯ,เขต 13 กรุงเทพมหานคร,,หน่วยบริการในระบบหลักประกันสุขภาพแห่งชาติ,,,เอกชน,คลินิก (เอกชน)
4489,41942,,นวมินทร์ 9 คลินิกเวชกรรม,,มีนบุรี,เขตมีนบุรี,,กรุงเทพฯ,เขต 13 กรุงเทพมหานคร,,หน่วยบริการในระบบหลักประกันสุขภาพแห่งชาติ,,,เอกชน,คลินิก (เอกชน)
4491,41944,,อนุสรณ์คลินิกกายภาพบำบัด,,คลองบางบอน,เขตบางบอน,,กรุงเทพฯ,เขต 13 กรุงเทพมหานคร,,หน่วยบริการในระบบหลักประกันสุขภาพแห่งชาติ,,,เอกชน,คลินิก (เอกชน)
4494,41947,,คลินิกเวชกรรมอุ่นใจ,,ทุ่งวัดดอน,เขตสาทร,,กรุงเทพฯ,เขต 13 กรุงเทพมหานคร,,หน่วยบริการในระบบหลักประกันสุขภาพแห่งชาติ,,,เอกชน,คลินิก (เอกชน)
4495,41949,,รามอินทราเฮลท์สหคลินิก,,คันนายาว,เขตคันนายาว,,กรุงเทพฯ,เขต 13 กรุงเทพมหานคร,,หน่วยบริการในระบบหลักประกันสุขภาพแห่งชาติ,,,เอกชน,คลินิก (เอกชน)
4498,41952,,คลินิกเวชกรรมเพื่อนคุณ,,ช่องนนทรี,เขตยานนาวา,,กรุงเทพฯ,เขต 13 กรุงเทพมหานคร,,หน่วยบริการในระบบหลักประกันสุขภาพแห่งชาติ,,,เอกชน,คลินิก (เอกชน)
4499,41957,,บางเขนการแพทย์คลินิกเวชกรรม,,อนุสาวรีย์,เขตบางเขน,,กรุงเทพฯ,เขต 13 กรุงเทพมหานคร,,หน่วยบริการในระบบหลักประกันสุขภาพแห่งชาติ,,,เอกชน,คลินิก (เอกชน)
4500,41959,,พัชชาคลินิกการพยาบาลและการผดุงครรภ์,,ราษฎร์บูรณะ,เขตราษฎร์บูรณะ,,กรุงเทพฯ,เขต 13 กรุงเทพมหานคร,,หน่วยบริการในระบบหลักประกันสุขภาพแห่งชาติ,,,เอกชน,คลินิก (เอกชน)
4501,41960,,โรงพยาบาลนมะรักษ์ เฉพาะทางศัลยศาสตร์มะเร็ง ขนาดเล็ก,,บางกะปิ,เขตห้วยขวาง,,กรุงเทพฯ,เขต 13 กรุงเทพมหานคร,,หน่วยบริการในระบบหลักประกันสุขภาพแห่งชาติ,,,เอกชน,โรงพยาบาล (เอกชน)
4502,41961,,อยู่ดีมีสุขคลินิกเวชกรรม,,ทุ่งวัดดอน,เขตสาทร,,กรุงเทพฯ,เขต 13 กรุงเทพมหานคร,,หน่วยบริการในระบบหลักประกันสุขภาพแห่งชาติ,,,เอกชน,คลินิก (เอกชน)
4503,41962,,ศรีดอนเมืองคลินิกเวชกรรม,,สีกัน,เขตดอนเมือง,,กรุงเทพฯ,เขต 13 กรุงเทพมหานคร,,หน่วยบริการในระบบหลักประกันสุขภาพแห่งชาติ,,,เอกชน,คลินิก (เอกชน)
4508,41968,,พัฒนาการคลินิกเวชกรรม,,สวนหลวง,เขตสวนหลวง,,กรุงเทพฯ,เขต 13 กรุงเทพมหานคร,,หน่วยบริการในระบบหลักประกันสุขภาพแห่งชาติ,,,เอกชน,คลินิก (เอกชน)
4509,41969,,คลินิกเวชกรรมมิตรสายหยุด,,อนุสาวรีย์,เขตบางเขน,,กรุงเทพฯ,เขต 13 กรุงเทพมหานคร,,หน่วยบริการในระบบหลักประกันสุขภาพแห่งชาติ,,,เอกชน,คลินิก (เอกชน)
4510,41970,,บางเขนสหคลินิก,,ท่าแร้ง,เขตบางเขน,,กรุงเทพฯ,เขต 13 กรุงเทพมหานคร,,หน่วยบริการในระบบหลักประกันสุขภาพแห่งชาติ,,,เอกชน,คลินิก (เอกชน)
4512,41972,,สหคลินิกบางแวก 68,,บางแวก,เขตภาษีเจริญ,,กรุงเทพฯ,เขต 13 กรุงเทพมหานคร,,หน่วยบริการในระบบหลักประกันสุขภาพแห่งชาติ,,,เอกชน,คลินิก (เอกชน)
4513,41973,,สหคลินิกสินเนรมิต,,บางแคเหนือ,เขตบางแค,,กรุงเทพฯ,เขต 13 กรุงเทพมหานคร,,หน่วยบริการในระบบหลักประกันสุขภาพแห่งชาติ,,,เอกชน,คลินิก (เอกชน)
4514,41974,,คลินิกเวชกรรมบางบอน 19,,บางบอน,เขตบางบอน,,กรุงเทพฯ,เขต 13 กรุงเทพมหานคร,,หน่วยบริการในระบบหลักประกันสุขภาพแห่งชาติ,,,เอกชน,คลินิก (เอกชน)
4515,41975,,คลินิกเวชกรรมเพชรเกษม 116/5,,หนองค้างพลู,เขตหนองแขม,,กรุงเทพฯ,เขต 13 กรุงเทพมหานคร,,หน่วยบริการในระบบหลักประกันสุขภาพแห่งชาติ,,,เอกชน,คลินิก (เอกชน)
4516,41976,,คลินิกเวชกรรมตลาด ม.เศรษฐกิจ,,บางแคเหนือ,เขตบางแค,,กรุงเทพฯ,เขต 13 กรุงเทพมหานคร,,หน่วยบริการในระบบหลักประกันสุขภาพแห่งชาติ,,,เอกชน,คลินิก (เอกชน)
4517,41977,,คลินิกเวชกรรมตลาดคลองขวาง,,หลักสอง,เขตบางแค,,กรุงเทพฯ,เขต 13 กรุงเทพมหานคร,,หน่วยบริการในระบบหลักประกันสุขภาพแห่งชาติ,,,เอกชน,คลินิก (เอกชน)
4518,41978,,คลินิกเวชกรรมพุฒธาดา บางแค,,บางแค,เขตบางแค,,กรุงเทพฯ,เขต 13 กรุงเทพมหานคร,,หน่วยบริการในระบบหลักประกันสุขภาพแห่งชาติ,,,เอกชน,คลินิก (เอกชน)
4519,41979,,คลินิกเวชกรรมสี่แยกท่าพระ,,วัดท่าพระ,เขตบางกอกใหญ่,,กรุงเทพฯ,เขต 13 กรุงเทพมหานคร,,หน่วยบริการในระบบหลักประกันสุขภาพแห่งชาติ,,,เอกชน,คลินิก (เอกชน)
4520,41980,,คลินิกเวชกรรมกาญจนาภิเษก,,บางเชือกหนัง,เขตตลิ่งชัน,,กรุงเทพฯ,เขต 13 กรุงเทพมหานคร,,หน่วยบริการในระบบหลักประกันสุขภาพแห่งชาติ,,,เอกชน,คลินิก (เอกชน)
4521,41981,,คลินิกเวชกรรมภาษีเจริญ,,บางหว้า,เขตภาษีเจริญ,,กรุงเทพฯ,เขต 13 กรุงเทพมหานคร,,หน่วยบริการในระบบหลักประกันสุขภาพแห่งชาติ,,,เอกชน,คลินิก (เอกชน)
4522,41982,,หทัยราษฎร์มีนบุรีสหคลินิก,,มีนบุรี,เขตมีนบุรี,,กรุงเทพฯ,เขต 13 กรุงเทพมหานคร,,หน่วยบริการในระบบหลักประกันสุขภาพแห่งชาติ,,,เอกชน,คลินิก (เอกชน)
4524,41984,,คลินิกเวชกรรมเพชรเกษมท่าพระ,,วัดท่าพระ,เขตบางกอกใหญ่,,กรุงเทพฯ,เขต 13 กรุงเทพมหานคร,,หน่วยบริการในระบบหลักประกันสุขภาพแห่งชาติ,,,เอกชน,คลินิก (เอกชน)
4525,41985,,แข็งแรงคลินิกเวชกรรม 2,,อนุสาวรีย์,เขตบางเขน,,กรุงเทพฯ,เขต 13 กรุงเทพมหานคร,,หน่วยบริการในระบบหลักประกันสุขภาพแห่งชาติ,,,เอกชน,คลินิก (เอกชน)
4526,41986,,สรณคมน์คลินิกเวชกรรม,,สีกัน,เขตดอนเมือง,,กรุงเทพฯ,เขต 13 กรุงเทพมหานคร,,หน่วยบริการในระบบหลักประกันสุขภาพแห่งชาติ,,,เอกชน,คลินิก (เอกชน)
4527,41987,,รักษ์สุขภาพเพชรบุรี 7 คลินิกเวชกรรม,,ทุ่งพญาไท,เขตราชเทวี,,กรุงเทพฯ,เขต 13 กรุงเทพมหานคร,,หน่วยบริการในระบบหลักประกันสุขภาพแห่งชาติ,,,เอกชน,คลินิก (เอกชน)
4528,41988,,สายรุ้งคลินิกเวชกรรม,,รามอินทรา,เขตคันนายาว,,กรุงเทพฯ,เขต 13 กรุงเทพมหานคร,,หน่วยบริการในระบบหลักประกันสุขภาพแห่งชาติ,,,เอกชน,คลินิก (เอกชน)
4529,41989,,มีนสิริสหคลินิก,,มีนบุรี,เขตมีนบุรี,,กรุงเทพฯ,เขต 13 กรุงเทพมหานคร,,หน่วยบริการในระบบหลักประกันสุขภาพแห่งชาติ,,,เอกชน,คลินิก (เอกชน)
4531,41991,,คลินิกเวชกรรมวัดไผ่เขียว,,ดอนเมือง,เขตดอนเมือง,,กรุงเทพฯ,เขต 13 กรุงเทพมหานคร,,หน่วยบริการในระบบหลักประกันสุขภาพแห่งชาติ,,,เอกชน,คลินิก (เอกชน)
4532,41992,,คลินิกเวชกรรมลาดปลาเค้า 37,,จรเข้บัว,เขตลาดพร้าว,,กรุงเทพฯ,เขต 13 กรุงเทพมหานคร,,หน่วยบริการในระบบหลักประกันสุขภาพแห่งชาติ,,,เอกชน,คลินิก (เอกชน)
4533,41993,,ศิริมาราคลินิกเวชกรรม,,สามเสนใน,เขตพญาไท,,กรุงเทพฯ,เขต 13 กรุงเทพมหานคร,,หน่วยบริการในระบบหลักประกันสุขภาพแห่งชาติ,,,เอกชน,คลินิก (เอกชน)
4535,41995,,คลินิกเวชกรรมเอมมิตรการแพทย์,,สมเด็จเจ้าพระยา,เขตคลองสาน,,กรุงเทพฯ,เขต 13 กรุงเทพมหานคร,,หน่วยบริการในระบบหลักประกันสุขภาพแห่งชาติ,,,เอกชน,คลินิก (เอกชน)
4537,41997,,สุขสบายคลินิกเวชกรรม,,ดินแดง,เขตดินแดง,,กรุงเทพฯ,เขต 13 กรุงเทพมหานคร,,หน่วยบริการในระบบหลักประกันสุขภาพแห่งชาติ,,,เอกชน,คลินิก (เอกชน)
4538,42000,,สรงประภา 26 คลินิกเวชกรรม,,สีกัน,เขตดอนเมือง,,กรุงเทพฯ,เขต 13 กรุงเทพมหานคร,,หน่วยบริการในระบบหลักประกันสุขภาพแห่งชาติ,,,เอกชน,คลินิก (เอกชน)
4539,42001,,คลินิกเวชกรรมตลาดปัฐวิกรณ์,,คลองกุ่ม,เขตบึงกุ่ม,,กรุงเทพฯ,เขต 13 กรุงเทพมหานคร,,หน่วยบริการในระบบหลักประกันสุขภาพแห่งชาติ,,,เอกชน,คลินิก (เอกชน)
4540,42002,,คลินิกเวชกรรมรามคำแหง 39,,วังทองหลาง,เขตวังทองหลาง,,กรุงเทพฯ,เขต 13 กรุงเทพมหานคร,,หน่วยบริการในระบบหลักประกันสุขภาพแห่งชาติ,,,เอกชน,คลินิก (เอกชน)
4541,42003,,ธนภัทรคลินิกกายภาพบำบัด,,พลับพลา,เขตวังทองหลาง,,กรุงเทพฯ,เขต 13 กรุงเทพมหานคร,,หน่วยบริการในระบบหลักประกันสุขภาพแห่งชาติ,,,เอกชน,คลินิก (เอกชน)
4542,42004,,กนกคลินิกกายภาพบำบัด,,ทุ่งสองห้อง,เขตหลักสี่,,กรุงเทพฯ,เขต 13 กรุงเทพมหานคร,,หน่วยบริการในระบบหลักประกันสุขภาพแห่งชาติ,,,เอกชน,คลินิก (เอกชน)
4544,42006,,เกียรติการแพทย์คลินิกเวชกรรม สาขาพหลฯ 58,,สายไหม,เขตสายไหม,,กรุงเทพฯ,เขต 13 กรุงเทพมหานคร,,หน่วยบริการในระบบหลักประกันสุขภาพแห่งชาติ,,,เอกชน,คลินิก (เอกชน)
4545,42007,,เกียรติการแพทย์คลินิกเวชกรรม สาขาชินเขต,,ทุ่งสองห้อง,เขตหลักสี่,,กรุงเทพฯ,เขต 13 กรุงเทพมหานคร,,หน่วยบริการในระบบหลักประกันสุขภาพแห่งชาติ,,,เอกชน,คลินิก (เอกชน)
4546,42008,,เกียรติการแพทย์คลินิกเวชกรรม สาขาทุ่งสองห้อง,,ทุ่งสองห้อง,เขตหลักสี่,,กรุงเทพฯ,เขต 13 กรุงเทพมหานคร,,หน่วยบริการในระบบหลักประกันสุขภาพแห่งชาติ,,,เอกชน,คลินิก (เอกชน)
4547,42009,,เกียรติการแพทย์คลินิกเวชกรรม สาขาหลักสี่,,ทุ่งสองห้อง,เขตหลักสี่,,กรุงเทพฯ,เขต 13 กรุงเทพมหานคร,,หน่วยบริการในระบบหลักประกันสุขภาพแห่งชาติ,,,เอกชน,คลินิก (เอกชน)
4548,42010,,คลินิกทันตกรรมบางขุนศรีทันตแพทย์,,บางขุนศรี,เขตบางกอกน้อย,,กรุงเทพฯ,เขต 13 กรุงเทพมหานคร,,หน่วยบริการในระบบหลักประกันสุขภาพแห่งชาติ,,,เอกชน,คลินิก (เอกชน)
4550,42013,,ราชเทวีการแพทย์คลินิกเวชกรรม,,ถนนเพชรบุรี,เขตราชเทวี,,กรุงเทพฯ,เขต 13 กรุงเทพมหานคร,,หน่วยบริการในระบบหลักประกันสุขภาพแห่งชาติ,,,เอกชน,คลินิก (เอกชน)
4551,42014,,คลินิกเวชกรรมใกล้บ้านใกล้ใจ 16,,บางมด,เขตทุ่งครุ,,กรุงเทพฯ,เขต 13 กรุงเทพมหานคร,,หน่วยบริการในระบบหลักประกันสุขภาพแห่งชาติ,,,เอกชน,คลินิก (เอกชน)
4552,42017,,คลินิกเวชกรรมใกล้บ้านใกล้ใจ 14,,บางบอน,เขตบางบอน,,กรุงเทพฯ,เขต 13 กรุงเทพมหานคร,,หน่วยบริการในระบบหลักประกันสุขภาพแห่งชาติ,,,เอกชน,คลินิก (เอกชน)
4553,42018,,รุ่งอรุณคลินิกเวชกรรม,,อนุสาวรีย์,เขตบางเขน,,กรุงเทพฯ,เขต 13 กรุงเทพมหานคร,,หน่วยบริการในระบบหลักประกันสุขภาพแห่งชาติ,,,เอกชน,คลินิก (เอกชน)
4555,42020,,คลินิกทันตกรรมคู้ซ้ายร่วมใจ,,ทรายกองดินใต้,เขตคลองสามวา,,กรุงเทพฯ,เขต 13 กรุงเทพมหานคร,,หน่วยบริการในระบบหลักประกันสุขภาพแห่งชาติ,,,เอกชน,คลินิก (เอกชน)
4557,42024,,ประดิพัทธ์ 3 คลินิกเวชกรรม,,สามเสนใน,เขตพญาไท,,กรุงเทพฯ,เขต 13 กรุงเทพมหานคร,,หน่วยบริการในระบบหลักประกันสุขภาพแห่งชาติ,,,เอกชน,คลินิก (เอกชน)
4558,42026,,รวมแพทย์บางชันสหคลินิก,,บางชัน,เขตคลองสามวา,,กรุงเทพฯ,เขต 13 กรุงเทพมหานคร,,หน่วยบริการในระบบหลักประกันสุขภาพแห่งชาติ,,,เอกชน,คลินิก (เอกชน)
4561,42030,,ภาคภูมิคลินิกเวชกรรม,,สายไหม,เขตสายไหม,,กรุงเทพฯ,เขต 13 กรุงเทพมหานคร,,หน่วยบริการในระบบหลักประกันสุขภาพแห่งชาติ,,,เอกชน,คลินิก (เอกชน)
4563,42032,,คลินิกเวชกรรมแพทย์ศรีนุช,,สวนหลวง,เขตสวนหลวง,,กรุงเทพฯ,เขต 13 กรุงเทพมหานคร,,หน่วยบริการในระบบหลักประกันสุขภาพแห่งชาติ,,,เอกชน,คลินิก (เอกชน)
4564,42033,,คลินิกเวชกรรมแพทย์พัฒนาการ 13,,สวนหลวง,เขตสวนหลวง,,กรุงเทพฯ,เขต 13 กรุงเทพมหานคร,,หน่วยบริการในระบบหลักประกันสุขภาพแห่งชาติ,,,เอกชน,คลินิก (เอกชน)
4565,42034,,คลินิกเวชกรรมศรีนครินทร์ 40,,หนองบอน,เขตประเวศ,,กรุงเทพฯ,เขต 13 กรุงเทพมหานคร,,หน่วยบริการในระบบหลักประกันสุขภาพแห่งชาติ,,,เอกชน,คลินิก (เอกชน)
4567,42036,,คลินิกเวชกรรมห่วงใย,,ยานนาวา,เขตสาทร,,กรุงเทพฯ,เขต 13 กรุงเทพมหานคร,,หน่วยบริการในระบบหลักประกันสุขภาพแห่งชาติ,,,เอกชน,คลินิก (เอกชน)
4569,42038,,บางยี่เรือธนบุรีสหคลินิก,,บางยี่เรือ,เขตธนบุรี,,กรุงเทพฯ,เขต 13 กรุงเทพมหานคร,,หน่วยบริการในระบบหลักประกันสุขภาพแห่งชาติ,,,เอกชน,คลินิก (เอกชน)
4570,42039,,จรัญสนิทวงศ์คลินิกเวชกรรม,,วัดท่าพระ,เขตบางกอกใหญ่,,กรุงเทพฯ,เขต 13 กรุงเทพมหานคร,,หน่วยบริการในระบบหลักประกันสุขภาพแห่งชาติ,,,เอกชน,คลินิก (เอกชน)
4571,42040,,คลินิกเวชกรรมเสนา 88,,นวลจันทร์,เขตบึงกุ่ม,,กรุงเทพฯ,เขต 13 กรุงเทพมหานคร,,หน่วยบริการในระบบหลักประกันสุขภาพแห่งชาติ,,,เอกชน,คลินิก (เอกชน)
4572,42043,,เคสหคลินิก สาขาสุขุมวิท 93,,บางจาก,เขตพระโขนง,,กรุงเทพฯ,เขต 13 กรุงเทพมหานคร,,หน่วยบริการในระบบหลักประกันสุขภาพแห่งชาติ,,,เอกชน,คลินิก (เอกชน)
4573,42044,,เคสหคลินิก,,คลองเตยเหนือ,เขตวัฒนา,,กรุงเทพฯ,เขต 13 กรุงเทพมหานคร,,หน่วยบริการในระบบหลักประกันสุขภาพแห่งชาติ,,,เอกชน,คลินิก (เอกชน)
4574,42045,,เคคลินิกเวชกรรม สาขาสุภาพงษ์ 3,,หนองบอน,เขตประเวศ,,กรุงเทพฯ,เขต 13 กรุงเทพมหานคร,,หน่วยบริการในระบบหลักประกันสุขภาพแห่งชาติ,,,เอกชน,คลินิก (เอกชน)
4580,42052,,เฮลท์แคร์คลินิกเวชกรรม,,คู้ฝั่งเหนือ,เขตหนองจอก,,กรุงเทพฯ,เขต 13 กรุงเทพมหานคร,,หน่วยบริการในระบบหลักประกันสุขภาพแห่งชาติ,,,เอกชน,คลินิก (เอกชน)
4584,42056,,พุทธานุภาพคลินิกเวชกรรม,,จรเข้บัว,เขตลาดพร้าว,,กรุงเทพฯ,เขต 13 กรุงเทพมหานคร,,หน่วยบริการในระบบหลักประกันสุขภาพแห่งชาติ,,,เอกชน,คลินิก (เอกชน)
4585,42059,,คลินิกเวชกรรมบ้านสัมพันธ์,,รามอินทรา,เขตคันนายาว,,กรุงเทพฯ,เขต 13 กรุงเทพมหานคร,,หน่วยบริการในระบบหลักประกันสุขภาพแห่งชาติ,,,เอกชน,คลินิก (เอกชน)
4589,42063,,พรหมธาดาคลินิกเวชกรรม,,หนองค้างพลู,เขตหนองแขม,,กรุงเทพฯ,เขต 13 กรุงเทพมหานคร,,หน่วยบริการในระบบหลักประกันสุขภาพแห่งชาติ,,,เอกชน,คลินิก (เอกชน)
4590,42064,,พรหมธาดาคลินิกเวชกรรม สาขาวงศกร,,สายไหม,เขตสายไหม,,กรุงเทพฯ,เขต 13 กรุงเทพมหานคร,,หน่วยบริการในระบบหลักประกันสุขภาพแห่งชาติ,,,เอกชน,คลินิก (เอกชน)
4592,42068,,คลินิกเวชกรรมภัสสรินทร์,,ประเวศ,เขตประเวศ,,กรุงเทพฯ,เขต 13 กรุงเทพมหานคร,,หน่วยบริการในระบบหลักประกันสุขภาพแห่งชาติ,,,เอกชน,คลินิก (เอกชน)
4593,42069,,คลินิกเวชกรรมรินทร์นภัส,,บางนา,เขตบางนา,,กรุงเทพฯ,เขต 13 กรุงเทพมหานคร,,หน่วยบริการในระบบหลักประกันสุขภาพแห่งชาติ,,,เอกชน,คลินิก (เอกชน)
4594,42070,,คลินิกเวชกรรมพหลโยธิน 48/1,,อนุสาวรีย์,เขตบางเขน,,กรุงเทพฯ,เขต 13 กรุงเทพมหานคร,,หน่วยบริการในระบบหลักประกันสุขภาพแห่งชาติ,,,เอกชน,คลินิก (เอกชน)
4596,42072,,คลินิกเวชกรรมพราวด์จันทร์ วิภาวดี 60,,ตลาดบางเขน,เขตหลักสี่,,กรุงเทพฯ,เขต 13 กรุงเทพมหานคร,,หน่วยบริการในระบบหลักประกันสุขภาพแห่งชาติ,,,เอกชน,คลินิก (เอกชน)
4597,42073,,คลินิกเวชกรรมฐิติญา รามคำแหง 36/1,,หัวหมาก,เขตบางกะปิ,,กรุงเทพฯ,เขต 13 กรุงเทพมหานคร,,หน่วยบริการในระบบหลักประกันสุขภาพแห่งชาติ,,,เอกชน,คลินิก (เอกชน)
4598,42074,,คลินิกเวชกรรมพราวด์จันทร์ รามคำแหง 53,,วังทองหลาง,เขตบางกะปิ,,กรุงเทพฯ,เขต 13 กรุงเทพมหานคร,,หน่วยบริการในระบบหลักประกันสุขภาพแห่งชาติ,,,เอกชน,คลินิก (เอกชน)
4599,42075,,คลินิกเวชกรรมฐิติญา ลาดพร้าว 122,,วังทองหลาง,เขตวังทองหลาง,,กรุงเทพฯ,เขต 13 กรุงเทพมหานคร,,หน่วยบริการในระบบหลักประกันสุขภาพแห่งชาติ,,,เอกชน,คลินิก (เอกชน)
4600,42076,,นวรักษ์คลินิกเวชกรรม,,รามอินทรา,เขตคันนายาว,,กรุงเทพฯ,เขต 13 กรุงเทพมหานคร,,หน่วยบริการในระบบหลักประกันสุขภาพแห่งชาติ,,,เอกชน,คลินิก (เอกชน)
4602,42078,,สะพานเชื่อมบุญคลินิกเวชกรรม,,ราษฎร์พัฒนา,เขตสะพานสูง,,กรุงเทพฯ,เขต 13 กรุงเทพมหานคร,,หน่วยบริการในระบบหลักประกันสุขภาพแห่งชาติ,,,เอกชน,คลินิก (เอกชน)
4603,42079,,คลินิกเวชกรรมเฉลิมเวช,,หนองบอน,เขตประเวศ,,กรุงเทพฯ,เขต 13 กรุงเทพมหานคร,,หน่วยบริการในระบบหลักประกันสุขภาพแห่งชาติ,,,เอกชน,คลินิก (เอกชน)
4605,42085,,รามคำแหง 2 คลินิกเวชกรรม,,ดอกไม้,เขตประเวศ,,กรุงเทพฯ,เขต 13 กรุงเทพมหานคร,,หน่วยบริการในระบบหลักประกันสุขภาพแห่งชาติ,,,เอกชน,คลินิก (เอกชน)
4606,42087,,ธนาสิริสหคลินิก,,ตลิ่งชัน,เขตตลิ่งชัน,,กรุงเทพฯ,เขต 13 กรุงเทพมหานคร,,หน่วยบริการในระบบหลักประกันสุขภาพแห่งชาติ,,,เอกชน,คลินิก (เอกชน)
4607,42089,,เคคลินิกเวชกรรม,,สีลม,เขตบางรัก,,กรุงเทพฯ,เขต 13 กรุงเทพมหานคร,,หน่วยบริการในระบบหลักประกันสุขภาพแห่งชาติ,,,เอกชน,คลินิก (เอกชน)
4608,42090,,เคคลินิกเวชกรรม สาขาราม 2,,ดอกไม้,เขตประเวศ,,กรุงเทพฯ,เขต 13 กรุงเทพมหานคร,,หน่วยบริการในระบบหลักประกันสุขภาพแห่งชาติ,,,เอกชน,คลินิก (เอกชน)
4609,42093,,คลินิกเวชกรรมแพทย์อ่อนนุช 44,,อ่อนนุช,เขตสวนหลวง,,กรุงเทพฯ,เขต 13 กรุงเทพมหานคร,,หน่วยบริการในระบบหลักประกันสุขภาพแห่งชาติ,,,เอกชน,คลินิก (เอกชน)
4610,42094,,คลินิกเวชกรรมใกล้บ้านใกล้ใจ 4,,จอมทอง,เขตจอมทอง,,กรุงเทพฯ,เขต 13 กรุงเทพมหานคร,,หน่วยบริการในระบบหลักประกันสุขภาพแห่งชาติ,,,เอกชน,คลินิก (เอกชน)
4611,42095,,คลินิกเวชกรรมใกล้บ้านใกล้ใจ 7,,สายไหม,เขตสายไหม,,กรุงเทพฯ,เขต 13 กรุงเทพมหานคร,,หน่วยบริการในระบบหลักประกันสุขภาพแห่งชาติ,,,เอกชน,คลินิก (เอกชน)
4612,42096,,คลินิกเวชกรรมใกล้บ้านใกล้ใจ 3,,บางยี่ขัน,เขตบางพลัด,,กรุงเทพฯ,เขต 13 กรุงเทพมหานคร,,หน่วยบริการในระบบหลักประกันสุขภาพแห่งชาติ,,,เอกชน,คลินิก (เอกชน)
4613,42097,,สรรธนาสหคลินิก,,ทุ่งครุ,เขตทุ่งครุ,,กรุงเทพฯ,เขต 13 กรุงเทพมหานคร,,หน่วยบริการในระบบหลักประกันสุขภาพแห่งชาติ,,,เอกชน,คลินิก (เอกชน)
4616,42103,,คลินิกเวชกรรมการไฟฟ้านครหลวงเขตลาดกระบัง,,แสนแสบ,เขตมีนบุรี,,กรุงเทพฯ,เขต 13 กรุงเทพมหานคร,,หน่วยบริการในระบบหลักประกันสุขภาพแห่งชาติ,,,รัฐนอก สธ.,สังกัดกระทรวงมหาดไทย / สำนักงานตำรวจแห่งชาติ
4617,42104,,สหคลินิกการไฟฟ้านครหลวงเขตวัดเลียบ,,วังบูรพาภิรมย์,เขตพระนคร,,กรุงเทพฯ,เขต 13 กรุงเทพมหานคร,,หน่วยบริการในระบบหลักประกันสุขภาพแห่งชาติ,,,รัฐนอก สธ.,สังกัดกระทรวงมหาดไทย / สำนักงานตำรวจแห่งชาติ
4618,42105,,คลินิกเวชกรรมการไฟฟ้านครหลวงเขตยานนาวา,,บางคอแหลม,เขตบางคอแหลม,,กรุงเทพฯ,เขต 13 กรุงเทพมหานคร,,หน่วยบริการในระบบหลักประกันสุขภาพแห่งชาติ,,,รัฐนอก สธ.,สังกัดกระทรวงมหาดไทย / สำนักงานตำรวจแห่งชาติ
4619,42106,,สหคลินิกการไฟฟ้านครหลวงเพลินจิต,,ลุมพินี,เขตปทุมวัน,,กรุงเทพฯ,เขต 13 กรุงเทพมหานคร,,หน่วยบริการในระบบหลักประกันสุขภาพแห่งชาติ,,,รัฐนอก สธ.,สังกัดกระทรวงมหาดไทย / สำนักงานตำรวจแห่งชาติ
4620,42107,,คลินิกเวชกรรมการไฟฟ้านครหลวงเขตบางเขน,,อนุสาวรีย์,เขตบางเขน,,กรุงเทพฯ,เขต 13 กรุงเทพมหานคร,,หน่วยบริการในระบบหลักประกันสุขภาพแห่งชาติ,,,รัฐนอก สธ.,สังกัดกระทรวงมหาดไทย / สำนักงานตำรวจแห่งชาติ
4621,42108,,คลินิกเวชกรรมการไฟฟ้านครหลวงเขตบางขุนเทียน,,แสมดำ,เขตบางขุนเทียน,,กรุงเทพฯ,เขต 13 กรุงเทพมหานคร,,หน่วยบริการในระบบหลักประกันสุขภาพแห่งชาติ,,,รัฐนอก สธ.,สังกัดกระทรวงมหาดไทย / สำนักงานตำรวจแห่งชาติ
4622,42109,,คลินิกเวชกรรมการไฟฟ้านครหลวงเขตบางกะปิ,,สวนหลวง,เขตสวนหลวง,,กรุงเทพฯ,เขต 13 กรุงเทพมหานคร,,หน่วยบริการในระบบหลักประกันสุขภาพแห่งชาติ,,,รัฐนอก สธ.,สังกัดกระทรวงมหาดไทย / สำนักงานตำรวจแห่งชาติ
4623,42110,,คลินิกเวชกรรมการไฟฟ้านครหลวงเขตธนบุรี,,บ้านช่างหล่อ,เขตบางกอกน้อย,,กรุงเทพฯ,เขต 13 กรุงเทพมหานคร,,หน่วยบริการในระบบหลักประกันสุขภาพแห่งชาติ,,,รัฐนอก สธ.,สังกัดกระทรวงมหาดไทย / สำนักงานตำรวจแห่งชาติ
4624,42111,,สหคลินิกการไฟฟ้านครหลวงเขตคลองเตย,,คลองเตย,เขตคลองเตย,,กรุงเทพฯ,เขต 13 กรุงเทพมหานคร,,หน่วยบริการในระบบหลักประกันสุขภาพแห่งชาติ,,,รัฐนอก สธ.,สังกัดกระทรวงมหาดไทย / สำนักงานตำรวจแห่งชาติ
4625,42112,,คลินิกเวชกรรมการไฟฟ้านครหลวงเขตราษฎร์บูรณะ,,ราษฎร์บูรณะ,เขตราษฎร์บูรณะ,,กรุงเทพฯ,เขต 13 กรุงเทพมหานคร,,หน่วยบริการในระบบหลักประกันสุขภาพแห่งชาติ,,,รัฐนอก สธ.,สังกัดกระทรวงมหาดไทย / สำนักงานตำรวจแห่งชาติ
4627,42119,,คลินิกเวชกรรมใกล้บ้านใกล้ใจ 2,,รัชดาภิเษก,เขตดินแดง,,กรุงเทพฯ,เขต 13 กรุงเทพมหานคร,,หน่วยบริการในระบบหลักประกันสุขภาพแห่งชาติ,,,เอกชน,คลินิก (เอกชน)
4628,42120,,คลินิกเวชกรรมใกล้บ้านใกล้ใจ 6/1,,อนุสาวรีย์,เขตบางเขน,,กรุงเทพฯ,เขต 13 กรุงเทพมหานคร,,หน่วยบริการในระบบหลักประกันสุขภาพแห่งชาติ,,,เอกชน,คลินิก (เอกชน)
4630,42127,,คลินิกเวชกรรมใกล้บ้านใกล้ใจ 10,,มีนบุรี,เขตมีนบุรี,,กรุงเทพฯ,เขต 13 กรุงเทพมหานคร,,หน่วยบริการในระบบหลักประกันสุขภาพแห่งชาติ,,,เอกชน,คลินิก (เอกชน)
4631,42129,,พริบตาแทนเจอรีนสหคลินิก,,ปทุมวัน,เขตปทุมวัน,,กรุงเทพฯ,เขต 13 กรุงเทพมหานคร,,หน่วยบริการในระบบหลักประกันสุขภาพแห่งชาติ,,,เอกชน,คลินิก (เอกชน)
4632,42130,,คลินิกเวชกรรม ที เอส รามคำแหง 42,,หัวหมาก,เขตบางกะปิ,,กรุงเทพฯ,เขต 13 กรุงเทพมหานคร,,หน่วยบริการในระบบหลักประกันสุขภาพแห่งชาติ,,,เอกชน,คลินิก (เอกชน)
4633,42138,,คลินิกเวชกรรมหมอครอบครัว,,บางบอน,เขตบางบอน,,กรุงเทพฯ,เขต 13 กรุงเทพมหานคร,,หน่วยบริการในระบบหลักประกันสุขภาพแห่งชาติ,,,เอกชน,คลินิก (เอกชน)
4634,42139,,คลินิกเวชกรรมจันทน์การแพทย์,,ช่องนนทรี,เขตยานนาวา,,กรุงเทพฯ,เขต 13 กรุงเทพมหานคร,,หน่วยบริการในระบบหลักประกันสุขภาพแห่งชาติ,,,เอกชน,คลินิก (เอกชน)
4636,42142,,คลินิกเวชกรรมเดอะซีพลัส บางนา,,บางนาใต้,เขตบางนา,,กรุงเทพฯ,เขต 13 กรุงเทพมหานคร,,หน่วยบริการในระบบหลักประกันสุขภาพแห่งชาติ,,,เอกชน,คลินิก (เอกชน)
4637,42144,,คลินิกเวชกรรมใกล้บ้านใกล้ใจ 8,,วังทองหลาง,เขตวังทองหลาง,,กรุงเทพฯ,เขต 13 กรุงเทพมหานคร,,หน่วยบริการในระบบหลักประกันสุขภาพแห่งชาติ,,,เอกชน,คลินิก (เอกชน)
4638,42145,,คลินิกเวชกรรมใกล้บ้านใกล้ใจ 5,,คลองจั่น,เขตบางกะปิ,,กรุงเทพฯ,เขต 13 กรุงเทพมหานคร,,หน่วยบริการในระบบหลักประกันสุขภาพแห่งชาติ,,,เอกชน,คลินิก (เอกชน)
4644,42163,,คลินิกเวชกรรมการ์เด้นท์โฮม,,สามวาตะวันออก,เขตคลองสามวา,,กรุงเทพฯ,เขต 13 กรุงเทพมหานคร,,หน่วยบริการในระบบหลักประกันสุขภาพแห่งชาติ,,,เอกชน,คลินิก (เอกชน)
4647,42168,,คลินิกเวชกรรมบ้านหมอ,,ดาวคะนอง,เขตธนบุรี,,กรุงเทพฯ,เขต 13 กรุงเทพมหานคร,,หน่วยบริการในระบบหลักประกันสุขภาพแห่งชาติ,,,เอกชน,คลินิก (เอกชน)
4648,42169,,ห่วงใยคลินิกเวชกรรม,,บางยี่ขัน,เขตบางพลัด,,กรุงเทพฯ,เขต 13 กรุงเทพมหานคร,,หน่วยบริการในระบบหลักประกันสุขภาพแห่งชาติ,,,เอกชน,คลินิก (เอกชน)
4650,42174,,เนวาด้าคลินิกเวชกรรม สาขา 2,,แสมดำ,เขตบางขุนเทียน,,กรุงเทพฯ,เขต 13 กรุงเทพมหานคร,,หน่วยบริการในระบบหลักประกันสุขภาพแห่งชาติ,,,เอกชน,คลินิก (เอกชน)
4651,42176,,คลินิกเวชกรรมอารีรักษ์ วังหิน,,ลาดพร้าว,เขตลาดพร้าว,,กรุงเทพฯ,เขต 13 กรุงเทพมหานคร,,หน่วยบริการในระบบหลักประกันสุขภาพแห่งชาติ,,,เอกชน,คลินิก (เอกชน)
4652,42178,,คลินิกการพยาบาลและการผดุงครรภ์ ดีเอ็นเอช,,มีนบุรี,เขตมีนบุรี,,กรุงเทพฯ,เขต 13 กรุงเทพมหานคร,,หน่วยบริการในระบบหลักประกันสุขภาพแห่งชาติ,,,เอกชน,คลินิก (เอกชน)
4653,42179,,สหคลินิกพีเอ็มจีบางขุนเทียน,,บางค้อ,เขตจอมทอง,,กรุงเทพฯ,เขต 13 กรุงเทพมหานคร,,หน่วยบริการในระบบหลักประกันสุขภาพแห่งชาติ,,,เอกชน,คลินิก (เอกชน)
4656,42183,,โรงพยาบาลอินทรารัตน์โรงพยาบาลทั่วไปขนาดกลาง,,รามอินทรา,เขตคันนายาว,,กรุงเทพฯ,เขต 13 กรุงเทพมหานคร,,หน่วยบริการในระบบหลักประกันสุขภาพแห่งชาติ,,,เอกชน,โรงพยาบาล (เอกชน)
4657,42184,,ธนาวุฒิคลินิกเวชกรรม,,บางบอนเหนือ,เขตบางบอน,,กรุงเทพฯ,เขต 13 กรุงเทพมหานคร,,หน่วยบริการในระบบหลักประกันสุขภาพแห่งชาติ,,,เอกชน,คลินิก (เอกชน)
4658,42188,,ไทยกัญญา 11 ไทย-จีน สหคลินิก,,บางค้อ,เขตจอมทอง,,กรุงเทพฯ,เขต 13 กรุงเทพมหานคร,,หน่วยบริการในระบบหลักประกันสุขภาพแห่งชาติ,,,เอกชน,คลินิก (เอกชน)
4660,42190,,คิดนี่เซ่นส์คลินิกเวชกรรม,,บางแวก,เขตภาษีเจริญ,,กรุงเทพฯ,เขต 13 กรุงเทพมหานคร,,หน่วยบริการในระบบหลักประกันสุขภาพแห่งชาติ,,,เอกชน,คลินิก (เอกชน)
4661,42192,,คลินิกเวชกรรมกล้วยน้ำไท,,ทับช้าง,เขตสะพานสูง,,กรุงเทพฯ,เขต 13 กรุงเทพมหานคร,,หน่วยบริการในระบบหลักประกันสุขภาพแห่งชาติ,,,เอกชน,คลินิก (เอกชน)
4662,42193,,ร่วมใจรักษ์คลินิกเวชกรรม,,ทรายกองดิน,เขตคลองสามวา,,กรุงเทพฯ,เขต 13 กรุงเทพมหานคร,,หน่วยบริการในระบบหลักประกันสุขภาพแห่งชาติ,,,เอกชน,คลินิก (เอกชน)
4668,42200,,อุ่นไอรักคลินิกเวชกรรม,,ท่าแร้ง,เขตบางเขน,,กรุงเทพฯ,เขต 13 กรุงเทพมหานคร,,หน่วยบริการในระบบหลักประกันสุขภาพแห่งชาติ,,,เอกชน,คลินิก (เอกชน)
4669,42201,,สหคลินิกกล้วยน้ำไท,,ลำปลาทิว,เขตลาดกระบัง,,กรุงเทพฯ,เขต 13 กรุงเทพมหานคร,,หน่วยบริการในระบบหลักประกันสุขภาพแห่งชาติ,,,เอกชน,คลินิก (เอกชน)
4672,42204,,คลินิกเวชกรรมใกล้บ้านใกล้ใจ 12,,บางจาก,เขตพระโขนง,,กรุงเทพฯ,เขต 13 กรุงเทพมหานคร,,หน่วยบริการในระบบหลักประกันสุขภาพแห่งชาติ,,,เอกชน,คลินิก (เอกชน)
4673,42205,,โรงพยาบาลเฉพาะทางศัลยกรรมตกแต่งและทันตกรรมขนาดเล็ก เอสแอลซี,,คลองตันเหนือ,เขตวัฒนา,,กรุงเทพฯ,เขต 13 กรุงเทพมหานคร,,หน่วยบริการในระบบหลักประกันสุขภาพแห่งชาติ,,,เอกชน,โรงพยาบาล (เอกชน)
4675,42209,,งามวงศ์วานคลินิกเฉพาะทางด้านเวชกรรมไตเทียม,,ลาดยาว,เขตจตุจักร,,กรุงเทพฯ,เขต 13 กรุงเทพมหานคร,,หน่วยบริการในระบบหลักประกันสุขภาพแห่งชาติ,,,เอกชน,คลินิก (เอกชน)
4683,42219,,ปุณธดาคลินิกเวชกรรม,,สายไหม,เขตสายไหม,,กรุงเทพฯ,เขต 13 กรุงเทพมหานคร,,หน่วยบริการในระบบหลักประกันสุขภาพแห่งชาติ,,,เอกชน,คลินิก (เอกชน)
4684,42220,,โรงพยาบาลผู้ป่วยเรื้อรังขนาดเล็ก พิม,,แสมดำ,เขตบางขุนเทียน,,กรุงเทพฯ,เขต 13 กรุงเทพมหานคร,,หน่วยบริการในระบบหลักประกันสุขภาพแห่งชาติ,,,เอกชน,โรงพยาบาล (เอกชน)
4685,42221,,รักษ์ลาซาลคลินิกเวชกรรม,,บางนาใต้,เขตบางนา,,กรุงเทพฯ,เขต 13 กรุงเทพมหานคร,,หน่วยบริการในระบบหลักประกันสุขภาพแห่งชาติ,,,เอกชน,คลินิก (เอกชน)
4691,42227,,คลินิกทันตกรรมสไมล์พลัส 98,,พลับพลา,เขตวังทองหลาง,,กรุงเทพฯ,เขต 13 กรุงเทพมหานคร,,หน่วยบริการในระบบหลักประกันสุขภาพแห่งชาติ,,,เอกชน,คลินิก (เอกชน)
4694,42232,,คลินิกทันตกรรมราษฎร์ร่วมใจ,,มีนบุรี,เขตมีนบุรี,,กรุงเทพฯ,เขต 13 กรุงเทพมหานคร,,หน่วยบริการในระบบหลักประกันสุขภาพแห่งชาติ,,,เอกชน,คลินิก (เอกชน)
4696,42236,,คลินิกเทคนิคการแพทย์ เอซีซี เมดิคอล แล็บ,,จรเข้บัว,เขตลาดพร้าว,,กรุงเทพฯ,เขต 13 กรุงเทพมหานคร,,หน่วยบริการในระบบหลักประกันสุขภาพแห่งชาติ,,,เอกชน,คลินิก (เอกชน)
4698,42242,,คลินิกการพยาบาลและการผดุงครรภ์ คณะพยาบาลศาสตร์ วิทยาลัยวิทยาศาสตร์การแพทย์เจ้าฟ้าจุฬาภรณ์,,ทุ่งสองห้อง,เขตหลักสี่,,กรุงเทพฯ,เขต 13 กรุงเทพมหานคร,,หน่วยบริการในระบบหลักประกันสุขภาพแห่งชาติ,,,รัฐนอก สธ.,สังกัดสำนักนายกรัฐมนตรี
4707,42267,,ต้องดีต่อกายคลินิกเวชกรรม,,สามเสนนอก,เขตห้วยขวาง,,กรุงเทพฯ,เขต 13 กรุงเทพมหานคร,,หน่วยบริการในระบบหลักประกันสุขภาพแห่งชาติ,,,เอกชน,คลินิก (เอกชน)
4708,42268,,เอช.ดี.แล็ป คลินิกเทคนิคการแพทย์,,อนุสาวรีย์,เขตบางเขน,,กรุงเทพฯ,เขต 13 กรุงเทพมหานคร,,หน่วยบริการในระบบหลักประกันสุขภาพแห่งชาติ,,,เอกชน,คลินิก (เอกชน)
4709,42269,,คลินิกเวชกรรมการไฟฟ้านครหลวง เขตมีนบุรี,,มีนบุรี,เขตมีนบุรี,,กรุงเทพฯ,เขต 13 กรุงเทพมหานคร,,หน่วยบริการในระบบหลักประกันสุขภาพแห่งชาติ,,,รัฐนอก สธ.,สังกัดกระทรวงมหาดไทย / สำนักงานตำรวจแห่งชาติ
4710,42270,,คลินิกเวชกรรมการไฟฟ้านครหลวง เขตนวลจันทร์,,นวลจันทร์,เขตบึงกุ่ม,,กรุงเทพฯ,เขต 13 กรุงเทพมหานคร,,หน่วยบริการในระบบหลักประกันสุขภาพแห่งชาติ,,,รัฐนอก สธ.,สังกัดกระทรวงมหาดไทย / สำนักงานตำรวจแห่งชาติ
4711,42271,,คลินิกเวชกรรมการไฟฟ้านครหลวง เขตบางนา,,บางนาเหนือ,เขตบางนา,,กรุงเทพฯ,เขต 13 กรุงเทพมหานคร,,หน่วยบริการในระบบหลักประกันสุขภาพแห่งชาติ,,,รัฐนอก สธ.,สังกัดกระทรวงมหาดไทย / สำนักงานตำรวจแห่งชาติ
4714,42277,,เทียนฟ้าประชาการุณย์คลินิกเฉพาะทางด้านเวชกรรมไตเทียม,,มีนบุรี,เขตมีนบุรี,,กรุงเทพฯ,เขต 13 กรุงเทพมหานคร,,หน่วยบริการในระบบหลักประกันสุขภาพแห่งชาติ,,,เอกชน,คลินิก (เอกชน)
4715,42282,,คลินิกเวชกรรมกล้วยน้ำไท สาขาเลียบคลองสอง,,บางชัน,เขตคลองสามวา,,กรุงเทพฯ,เขต 13 กรุงเทพมหานคร,,หน่วยบริการในระบบหลักประกันสุขภาพแห่งชาติ,,,เอกชน,คลินิก (เอกชน)
4716,42283,,คลินิกเวชกรรมกล้วยน้ำไท สาขารัชดาภิเษก 3,,ดินแดง,เขตดินแดง,,กรุงเทพฯ,เขต 13 กรุงเทพมหานคร,,หน่วยบริการในระบบหลักประกันสุขภาพแห่งชาติ,,,เอกชน,คลินิก (เอกชน)
4718,42285,,คลินิกเวชกรรมกล้วยน้ำไท สาขารามอินทรา 68,,คันนายาว,เขตคันนายาว,,กรุงเทพฯ,เขต 13 กรุงเทพมหานคร,,หน่วยบริการในระบบหลักประกันสุขภาพแห่งชาติ,,,เอกชน,คลินิก (เอกชน)
4719,42286,,คลินิกเวชกรรมกล้วยน้ำไท สาขารามคำแหง 14,,หัวหมาก,เขตบางกะปิ,,กรุงเทพฯ,เขต 13 กรุงเทพมหานคร,,หน่วยบริการในระบบหลักประกันสุขภาพแห่งชาติ,,,เอกชน,คลินิก (เอกชน)
4720,42287,,คลินิกเวชกรรมกล้วยน้ำไท สาขาคู้บอน,,บางชัน,เขตคลองสามวา,,กรุงเทพฯ,เขต 13 กรุงเทพมหานคร,,หน่วยบริการในระบบหลักประกันสุขภาพแห่งชาติ,,,เอกชน,คลินิก (เอกชน)
4722,42294,,ไอดีเด็นทัลคลินิกทันตกรรม,,ถนนพญาไท,เขตราชเทวี,,กรุงเทพฯ,เขต 13 กรุงเทพมหานคร,,หน่วยบริการในระบบหลักประกันสุขภาพแห่งชาติ,,,เอกชน,คลินิก (เอกชน)
4723,42295,,ไอดีเด็นทัลคลินิกทันตกรรม,,บางมด,เขตทุ่งครุ,,กรุงเทพฯ,เขต 13 กรุงเทพมหานคร,,หน่วยบริการในระบบหลักประกันสุขภาพแห่งชาติ,,,เอกชน,คลินิก (เอกชน)
4724,42296,,คลินิกเวชกรรมกล้วยน้ำไท สาขาสวนสยาม,,คันนายาว,เขตคันนายาว,,กรุงเทพฯ,เขต 13 กรุงเทพมหานคร,,หน่วยบริการในระบบหลักประกันสุขภาพแห่งชาติ,,,เอกชน,คลินิก (เอกชน)
4725,42297,,คลินิกเวชกรรมกล้วยน้ำไท สาขาลาซาล,,บางนาใต้,เขตบางนา,,กรุงเทพฯ,เขต 13 กรุงเทพมหานคร,,หน่วยบริการในระบบหลักประกันสุขภาพแห่งชาติ,,,เอกชน,คลินิก (เอกชน)
4726,42298,,คลินิกเวชกรรมกล้วยน้ำไท สาขาสะแกงาม,,แสมดำ,เขตบางขุนเทียน,,กรุงเทพฯ,เขต 13 กรุงเทพมหานคร,,หน่วยบริการในระบบหลักประกันสุขภาพแห่งชาติ,,,เอกชน,คลินิก (เอกชน)
4727,42299,,คลินิกเวชกรรมกล้วยน้ำไท สาขาพัฒนาการ 20,,สวนหลวง,เขตสวนหลวง,,กรุงเทพฯ,เขต 13 กรุงเทพมหานคร,,หน่วยบริการในระบบหลักประกันสุขภาพแห่งชาติ,,,เอกชน,คลินิก (เอกชน)
4728,42300,,คลินิกเวชกรรมกล้วยน้ำไท สาขาคู้บอน 20,,รามอินทรา,เขตคันนายาว,,กรุงเทพฯ,เขต 13 กรุงเทพมหานคร,,หน่วยบริการในระบบหลักประกันสุขภาพแห่งชาติ,,,เอกชน,คลินิก (เอกชน)
4730,42302,,เคหะคลินิกเวชกรรม,,แสมดำ,เขตบางขุนเทียน,,กรุงเทพฯ,เขต 13 กรุงเทพมหานคร,,หน่วยบริการในระบบหลักประกันสุขภาพแห่งชาติ,,,เอกชน,คลินิก (เอกชน)
4731,42303,,พิมคลินิกเวชกรรม สาขาตะวันนา-บางกะปิ,,คลองจั่น,เขตบางกะปิ,,กรุงเทพฯ,เขต 13 กรุงเทพมหานคร,,หน่วยบริการในระบบหลักประกันสุขภาพแห่งชาติ,,,เอกชน,คลินิก (เอกชน)
4733,42309,,ตากสินไตเทียมคลินิกเฉพาะทางด้านเวชกรรมไตเทียม,,บุคคโล,เขตธนบุรี,,กรุงเทพฯ,เขต 13 กรุงเทพมหานคร,,หน่วยบริการในระบบหลักประกันสุขภาพแห่งชาติ,,,เอกชน,คลินิก (เอกชน)
4734,42314,,คลินิกเฉพาะทางด้านเวชกรรมไตเทียมรัตนราตรี,,ประเวศ,เขตประเวศ,,กรุงเทพฯ,เขต 13 กรุงเทพมหานคร,,หน่วยบริการในระบบหลักประกันสุขภาพแห่งชาติ,,,เอกชน,คลินิก (เอกชน)
4735,42315,,รักษ์สุขภาพคลินิกเวชกรรม,,บางบอน,เขตบางบอน,,กรุงเทพฯ,เขต 13 กรุงเทพมหานคร,,หน่วยบริการในระบบหลักประกันสุขภาพแห่งชาติ,,,เอกชน,คลินิก (เอกชน)
4736,42320,,ธัญญาสุตราคลินิกการแพทย์แผนไทยประยุกต์,,ออเงิน,เขตสายไหม,,กรุงเทพฯ,เขต 13 กรุงเทพมหานคร,,หน่วยบริการในระบบหลักประกันสุขภาพแห่งชาติ,,,เอกชน,คลินิก (เอกชน)
4737,42326,,เมดไลฟ์ พระรามสาม สหคลินิก,,ช่องนนทรี,เขตยานนาวา,,กรุงเทพฯ,เขต 13 กรุงเทพมหานคร,,หน่วยบริการในระบบหลักประกันสุขภาพแห่งชาติ,,,เอกชน,คลินิก (เอกชน)
4738,42328,,คลองเตยมีสุขคลินิกเวชกรรม,,คลองเตย,เขตคลองเตย,,กรุงเทพฯ,เขต 13 กรุงเทพมหานคร,,หน่วยบริการในระบบหลักประกันสุขภาพแห่งชาติ,,,เอกชน,คลินิก (เอกชน)
4742,42337,,คลินิกเวชกรรมบางกอก,,อนุสาวรีย์,เขตบางเขน,,กรุงเทพฯ,เขต 13 กรุงเทพมหานคร,,หน่วยบริการในระบบหลักประกันสุขภาพแห่งชาติ,,,เอกชน,คลินิก (เอกชน)
4745,42344,,คลินิกเทคนิคการแพทย์โปรอินเตอร์แลบ,,ศาลาธรรมสพน์,เขตทวีวัฒนา,,กรุงเทพฯ,เขต 13 กรุงเทพมหานคร,,หน่วยบริการในระบบหลักประกันสุขภาพแห่งชาติ,,,เอกชน,คลินิก (เอกชน)
4747,42349,,ลาโบลเล่คลินิกเวชกรรม,,พลับพลา,เขตวังทองหลาง,,กรุงเทพฯ,เขต 13 กรุงเทพมหานคร,,หน่วยบริการในระบบหลักประกันสุขภาพแห่งชาติ,,,เอกชน,คลินิก (เอกชน)
4750,42354,,ชีวีบริรักษ์คลินิกเวชกรรม,,คลองเตยเหนือ,เขตวัฒนา,,กรุงเทพฯ,เขต 13 กรุงเทพมหานคร,,หน่วยบริการในระบบหลักประกันสุขภาพแห่งชาติ,,,เอกชน,คลินิก (เอกชน)
4761,42370,,คลินิกเทคนิคการแพทย์เอ็มไอซีแลบ,,สามเสนนอก,เขตห้วยขวาง,,กรุงเทพฯ,เขต 13 กรุงเทพมหานคร,,หน่วยบริการในระบบหลักประกันสุขภาพแห่งชาติ,,,เอกชน,คลินิก (เอกชน)
4816,42473,,ทรัสต์เดนทัลคลินิกทันตกรรม สาขาพระราม 2 สุขสวัสดิ์,,บางปะกอก,เขตราษฎร์บูรณะ,,กรุงเทพฯ,เขต 13 กรุงเทพมหานคร,,หน่วยบริการในระบบหลักประกันสุขภาพแห่งชาติ,,,เอกชน,คลินิก (เอกชน)
4850,42535,,เดอะทัชคลินิกเวชกรรม สาขาบางแค,,บางแค,เขตบางแค,,กรุงเทพฯ,เขต 13 กรุงเทพมหานคร,,หน่วยบริการในระบบหลักประกันสุขภาพแห่งชาติ,,,เอกชน,คลินิก (เอกชน)
4854,42540,,คลินิกเทคนิคการแพทย์เซลแทค,,ดินแดง,เขตดินแดง,,กรุงเทพฯ,เขต 13 กรุงเทพมหานคร,,หน่วยบริการในระบบหลักประกันสุขภาพแห่งชาติ,,,เอกชน,คลินิก (เอกชน)
4861,42550,,อินโนเทคสหคลินิก,,สวนหลวง,เขตสวนหลวง,,กรุงเทพฯ,เขต 13 กรุงเทพมหานคร,,หน่วยบริการในระบบหลักประกันสุขภาพแห่งชาติ,,,เอกชน,คลินิก (เอกชน)
4865,42556,,คลินิกทันตกรรมสไมล์ซีซันส์,,สามเสนใน,เขตพญาไท,,กรุงเทพฯ,เขต 13 กรุงเทพมหานคร,,หน่วยบริการในระบบหลักประกันสุขภาพแห่งชาติ,,,เอกชน,คลินิก (เอกชน)
4869,42569,,เดอะทัชคลินิกเวชกรรม สาขานาคนิวาส,,ลาดพร้าว,เขตลาดพร้าว,,กรุงเทพฯ,เขต 13 กรุงเทพมหานคร,,หน่วยบริการในระบบหลักประกันสุขภาพแห่งชาติ,,,เอกชน,คลินิก (เอกชน)
4880,42620,,คลินิกเวชกรรมกล้วยน้ำไท สาขาหทัยราษฎร์,,มีนบุรี,เขตมีนบุรี,,กรุงเทพฯ,เขต 13 กรุงเทพมหานคร,,หน่วยบริการในระบบหลักประกันสุขภาพแห่งชาติ,,,เอกชน,คลินิก (เอกชน)
4881,42621,,คลินิกเวชกรรมกล้วยน้ำไท สาขาลาดพร้าว 80,,วังทองหลาง,เขตวังทองหลาง,,กรุงเทพฯ,เขต 13 กรุงเทพมหานคร,,หน่วยบริการในระบบหลักประกันสุขภาพแห่งชาติ,,,เอกชน,คลินิก (เอกชน)
4887,42655,,เฮลท์ พลัส โกลบอล ลาบอราทอรี่ คลินิกเทคนิคการแพทย์,,ลาดพร้าว,เขตลาดพร้าว,,กรุงเทพฯ,เขต 13 กรุงเทพมหานคร,,หน่วยบริการในระบบหลักประกันสุขภาพแห่งชาติ,,,เอกชน,คลินิก (เอกชน)
4888,42658,,คลินิกเวชกรรมกล้วยน้ำไท สาขาลาดพร้าว 101,,คลองจั่น,เขตบางกะปิ,,กรุงเทพฯ,เขต 13 กรุงเทพมหานคร,,หน่วยบริการในระบบหลักประกันสุขภาพแห่งชาติ,,,เอกชน,คลินิก (เอกชน)
4889,42659,,คลินิกเวชกรรมกล้วยน้ำไท สาขาลาดกระบัง 50,,ลาดกระบัง,เขตลาดกระบัง,,กรุงเทพฯ,เขต 13 กรุงเทพมหานคร,,หน่วยบริการในระบบหลักประกันสุขภาพแห่งชาติ,,,เอกชน,คลินิก (เอกชน)
4894,42668,,คลินิกเวชกรรมชุมชนราษฎร์อุทิศ 58,,แสนแสบ,เขตมีนบุรี,,กรุงเทพฯ,เขต 13 กรุงเทพมหานคร,,หน่วยบริการในระบบหลักประกันสุขภาพแห่งชาติ,,,เอกชน,คลินิก (เอกชน)
4898,42683,,คลินิกเทคนิคการแพทย์ พ็อพเมด,,ประเวศ,เขตประเวศ,,กรุงเทพฯ,เขต 13 กรุงเทพมหานคร,,หน่วยบริการในระบบหลักประกันสุขภาพแห่งชาติ,,,เอกชน,คลินิก (เอกชน)
4904,42698,,มานิตาสหคลินิก เวชกรรม กายภาพบำบัด,,ดินแดง,เขตดินแดง,,กรุงเทพฯ,เขต 13 กรุงเทพมหานคร,,หน่วยบริการในระบบหลักประกันสุขภาพแห่งชาติ,,,เอกชน,คลินิก (เอกชน)
4908,42730,,พลพลอยคลินิกเวชกรรม,,บางบำหรุ,เขตบางพลัด,,กรุงเทพฯ,เขต 13 กรุงเทพมหานคร,,หน่วยบริการในระบบหลักประกันสุขภาพแห่งชาติ,,,เอกชน,คลินิก (เอกชน)
4910,42737,,คลินิกเวชกรรมกล้วยน้ำไท สาขาตลาดมหาสิน,,บางจาก,เขตพระโขนง,,กรุงเทพฯ,เขต 13 กรุงเทพมหานคร,,หน่วยบริการในระบบหลักประกันสุขภาพแห่งชาติ,,,เอกชน,คลินิก (เอกชน)
4911,42738,,คลินิกเวชกรรมกล้วยน้ำไท สาขาศรีนครินทร์,,หนองบอน,เขตประเวศ,,กรุงเทพฯ,เขต 13 กรุงเทพมหานคร,,หน่วยบริการในระบบหลักประกันสุขภาพแห่งชาติ,,,เอกชน,คลินิก (เอกชน)
4913,42754,,วินเมดสหคลินิก,,วังทองหลาง,เขตวังทองหลาง,,กรุงเทพฯ,เขต 13 กรุงเทพมหานคร,,หน่วยบริการในระบบหลักประกันสุขภาพแห่งชาติ,,,เอกชน,คลินิก (เอกชน)
4919,42777,,สะพานเชื่อมบุญคลินิกเวชกรรม สาขาตลาดเกรียงไกร,,คลองสองต้นนุ่น,เขตลาดกระบัง,,กรุงเทพฯ,เขต 13 กรุงเทพมหานคร,,หน่วยบริการในระบบหลักประกันสุขภาพแห่งชาติ,,,เอกชน,คลินิก (เอกชน)
4920,42778,,คลินิกทันตกรรมบางกอกสไมล์ สาขาพระโขนง,,พระโขนง,เขตคลองเตย,,กรุงเทพฯ,เขต 13 กรุงเทพมหานคร,,หน่วยบริการในระบบหลักประกันสุขภาพแห่งชาติ,,,เอกชน,คลินิก (เอกชน)
4922,42785,,สหคลินิกกรุงเทพพยาธิ-แลป,,สามเสนใน,เขตพญาไท,,กรุงเทพฯ,เขต 13 กรุงเทพมหานคร,,หน่วยบริการในระบบหลักประกันสุขภาพแห่งชาติ,,,เอกชน,คลินิก (เอกชน)
4927,42794,,คลินิกเวชกรรมใกล้บ้านใกล้ใจ 15,,คลองสามประเวศ,เขตลาดกระบัง,,กรุงเทพฯ,เขต 13 กรุงเทพมหานคร,,หน่วยบริการในระบบหลักประกันสุขภาพแห่งชาติ,,,เอกชน,คลินิก (เอกชน)
4928,42797,,บ้านแสนสุขคลินิกเวชกรรม,,บางขุนเทียน,เขตจอมทอง,,กรุงเทพฯ,เขต 13 กรุงเทพมหานคร,,หน่วยบริการในระบบหลักประกันสุขภาพแห่งชาติ,,,เอกชน,คลินิก (เอกชน)
4929,42800,,ป.สหคลินิก,,สะพานสูง,เขตสะพานสูง,,กรุงเทพฯ,เขต 13 กรุงเทพมหานคร,,หน่วยบริการในระบบหลักประกันสุขภาพแห่งชาติ,,,เอกชน,คลินิก (เอกชน)
4931,42815,,รักษ์สุขภาพจอมทองคลินิกเวชกรรม,,บางค้อ,เขตจอมทอง,,กรุงเทพฯ,เขต 13 กรุงเทพมหานคร,,หน่วยบริการในระบบหลักประกันสุขภาพแห่งชาติ,,,เอกชน,คลินิก (เอกชน)
4933,42830,,พันธมิตรมีนบุรีคลินิกเวชกรรม,,มีนบุรี,เขตมีนบุรี,,กรุงเทพฯ,เขต 13 กรุงเทพมหานคร,,หน่วยบริการในระบบหลักประกันสุขภาพแห่งชาติ,,,เอกชน,คลินิก (เอกชน)
4935,42836,,ดาร์เลเน่สหคลินิก,,บางโพงพาง,เขตยานนาวา,,กรุงเทพฯ,เขต 13 กรุงเทพมหานคร,,หน่วยบริการในระบบหลักประกันสุขภาพแห่งชาติ,,,เอกชน,คลินิก (เอกชน)
4936,42841,,ไวทัลสลีปสหคลินิก,,ทุ่งพญาไท,เขตราชเทวี,,กรุงเทพฯ,เขต 13 กรุงเทพมหานคร,,หน่วยบริการในระบบหลักประกันสุขภาพแห่งชาติ,,,เอกชน,คลินิก (เอกชน)
4940,42865,,อ่อนนุชคลินิกเฉพาะทางด้านเวชกรรมไตเทียม,,สวนหลวง,เขตสวนหลวง,,กรุงเทพฯ,เขต 13 กรุงเทพมหานคร,,หน่วยบริการในระบบหลักประกันสุขภาพแห่งชาติ,,,เอกชน,คลินิก (เอกชน)
4942,42877,,คลินิกทันตกรรมพีเอสเค,,พญาไท,เขตพญาไท,,กรุงเทพฯ,เขต 13 กรุงเทพมหานคร,,หน่วยบริการในระบบหลักประกันสุขภาพแห่งชาติ,,,เอกชน,คลินิก (เอกชน)
4943,42880,,สรงประภาไตเทียมคลินิกเฉพาะทางด้านเวชกรรมไตเทียม,,ดอนเมือง,เขตดอนเมือง,,กรุงเทพฯ,เขต 13 กรุงเทพมหานคร,,หน่วยบริการในระบบหลักประกันสุขภาพแห่งชาติ,,,เอกชน,คลินิก (เอกชน)
4945,42886,,ใจใสอโรคยา คลินิกการแพทย์แผนไทย,,วังใหม่,เขตปทุมวัน,,กรุงเทพฯ,เขต 13 กรุงเทพมหานคร,,หน่วยบริการในระบบหลักประกันสุขภาพแห่งชาติ,,,เอกชน,คลินิก (เอกชน)
4951,42914,,เจ้าพระยาคลินิกเฉพาะทางด้านเวชกรรมไตเทียม,,สมเด็จเจ้าพระยา,เขตคลองสาน,,กรุงเทพฯ,เขต 13 กรุงเทพมหานคร,,หน่วยบริการในระบบหลักประกันสุขภาพแห่งชาติ,,,เอกชน,คลินิก (เอกชน)
4955,42933,,คลินิกเฉพาะทางด้านเวชกรรมไตเทียมวีแคร์ ลาดพร้าว 93,,คลองเจ้าคุณสิงห์,เขตวังทองหลาง,,กรุงเทพฯ,เขต 13 กรุงเทพมหานคร,,หน่วยบริการในระบบหลักประกันสุขภาพแห่งชาติ,,,เอกชน,คลินิก (เอกชน)
4959,42967,,เมดโทเปียสหคลินิก,,สามเสนใน,เขตพญาไท,,กรุงเทพฯ,เขต 13 กรุงเทพมหานคร,,หน่วยบริการในระบบหลักประกันสุขภาพแห่งชาติ,,,เอกชน,คลินิก (เอกชน)
4960,42969,,คลิกนิกเฮลท์คลินิกเวชกรรม,,ทุ่งมหาเมฆ,เขตสาทร,,กรุงเทพฯ,เขต 13 กรุงเทพมหานคร,,หน่วยบริการในระบบหลักประกันสุขภาพแห่งชาติ,,,เอกชน,คลินิก (เอกชน)
4961,42971,,คลินิกการพยาบาลและการผดุงครรภ์ บางแวก 58,,บางแวก,เขตภาษีเจริญ,,กรุงเทพฯ,เขต 13 กรุงเทพมหานคร,,หน่วยบริการในระบบหลักประกันสุขภาพแห่งชาติ,,,เอกชน,คลินิก (เอกชน)
4963,42983,,มิตรแท้คลินิกเฉพาะทางด้านเวชกรรมไตเทียม,,แสมดำ,เขตบางขุนเทียน,,กรุงเทพฯ,เขต 13 กรุงเทพมหานคร,,หน่วยบริการในระบบหลักประกันสุขภาพแห่งชาติ,,,เอกชน,คลินิก (เอกชน)
4964,42991,,เอ็มดีทีแล็บสหคลินิก,,คลองเจ้าคุณสิงห์,เขตวังทองหลาง,,กรุงเทพฯ,เขต 13 กรุงเทพมหานคร,,หน่วยบริการในระบบหลักประกันสุขภาพแห่งชาติ,,,เอกชน,คลินิก (เอกชน)
4968,43001,,คลินิกเทคนิคการแพทย์กรุงเทพเมดิคัลแล็บ,,บางขุนศรี,เขตบางกอกน้อย,,กรุงเทพฯ,เขต 13 กรุงเทพมหานคร,,หน่วยบริการในระบบหลักประกันสุขภาพแห่งชาติ,,,เอกชน,คลินิก (เอกชน)
4970,43005,,คลินิกเวชกรรมเส้นด้าย,,สามเสนนอก,เขตห้วยขวาง,,กรุงเทพฯ,เขต 13 กรุงเทพมหานคร,,หน่วยบริการในระบบหลักประกันสุขภาพแห่งชาติ,,,เอกชน,คลินิก (เอกชน)
4976,43070,,คลินิกทันตกรรมพลัส สาขาสยาม,,ปทุมวัน,เขตปทุมวัน,,กรุงเทพฯ,เขต 13 กรุงเทพมหานคร,,หน่วยบริการในระบบหลักประกันสุขภาพแห่งชาติ,,,เอกชน,คลินิก (เอกชน)
4980,43083,,หมอไทยคลินิกการแพทย์แผนไทยประยุกต์,,บางบอน,เขตบางบอน,,กรุงเทพฯ,เขต 13 กรุงเทพมหานคร,,หน่วยบริการในระบบหลักประกันสุขภาพแห่งชาติ,,,เอกชน,คลินิก (เอกชน)
4983,43105,,เดลิทคลินิกทันตกรรม สาขาแฟชั่นไอส์แลนด์,,คันนายาว,เขตคันนายาว,,กรุงเทพฯ,เขต 13 กรุงเทพมหานคร,,หน่วยบริการในระบบหลักประกันสุขภาพแห่งชาติ,,,เอกชน,คลินิก (เอกชน)
4985,43113,,อยู่ดีมีสุขคลินิกเวชกรรม สาขาพระราม 2,,แสมดำ,เขตบางขุนเทียน,,กรุงเทพฯ,เขต 13 กรุงเทพมหานคร,,หน่วยบริการในระบบหลักประกันสุขภาพแห่งชาติ,,,เอกชน,คลินิก (เอกชน)
4990,43128,,คลินิกเวชกรรมบึงพระยา,,สามวาตะวันตก,เขตคลองสามวา,,กรุงเทพฯ,เขต 13 กรุงเทพมหานคร,,หน่วยบริการในระบบหลักประกันสุขภาพแห่งชาติ,,,เอกชน,คลินิก (เอกชน)
5003,43167,,คลินิกทันตกรรมวีสไมล์ บางปะกอก,,บางปะกอก,เขตราษฎร์บูรณะ,,กรุงเทพฯ,เขต 13 กรุงเทพมหานคร,,หน่วยบริการในระบบหลักประกันสุขภาพแห่งชาติ,,,เอกชน,คลินิก (เอกชน)
5004,43168,,ยูมีคลินิกทันตกรรม,,บางปะกอก,เขตราษฎร์บูรณะ,,กรุงเทพฯ,เขต 13 กรุงเทพมหานคร,,หน่วยบริการในระบบหลักประกันสุขภาพแห่งชาติ,,,เอกชน,คลินิก (เอกชน)
5005,43173,,คลินิกทันตกรรมวีสไมล์,,ลำปลาทิว,เขตลาดกระบัง,,กรุงเทพฯ,เขต 13 กรุงเทพมหานคร,,หน่วยบริการในระบบหลักประกันสุขภาพแห่งชาติ,,,เอกชน,คลินิก (เอกชน)
5012,43189,,ประชาชื่นมีสุขคลินิกเวชกรรม,,บางซื่อ,เขตบางซื่อ,,กรุงเทพฯ,เขต 13 กรุงเทพมหานคร,,หน่วยบริการในระบบหลักประกันสุขภาพแห่งชาติ,,,เอกชน,คลินิก (เอกชน)
5015,43198,,คลินิกทันตกรรมบ้านทันตแพทย์,,มีนบุรี,เขตมีนบุรี,,กรุงเทพฯ,เขต 13 กรุงเทพมหานคร,,หน่วยบริการในระบบหลักประกันสุขภาพแห่งชาติ,,,เอกชน,คลินิก (เอกชน)
5016,43201,,คลินิกทันตกรรมดีพลัส,,นวลจันทร์,เขตบึงกุ่ม,,กรุงเทพฯ,เขต 13 กรุงเทพมหานคร,,หน่วยบริการในระบบหลักประกันสุขภาพแห่งชาติ,,,เอกชน,คลินิก (เอกชน)
5018,43217,,ดีโอ้เดนทัลคลินิกทันตกรรม สาขาร่มเกล้า,,แสนแสบ,เขตมีนบุรี,,กรุงเทพฯ,เขต 13 กรุงเทพมหานคร,,หน่วยบริการในระบบหลักประกันสุขภาพแห่งชาติ,,,เอกชน,คลินิก (เอกชน)
5031,43269,,มอสเด็นตัลคลินิกทันตกรรม,,พระโขนง,เขตคลองเตย,,กรุงเทพฯ,เขต 13 กรุงเทพมหานคร,,หน่วยบริการในระบบหลักประกันสุขภาพแห่งชาติ,,,เอกชน,คลินิก (เอกชน)
5039,43282,,กรุงเทพการแพทย์คลินิกเวชกรรม,,หัวหมาก,เขตบางกะปิ,,กรุงเทพฯ,เขต 13 กรุงเทพมหานคร,,หน่วยบริการในระบบหลักประกันสุขภาพแห่งชาติ,,,เอกชน,คลินิก (เอกชน)
5044,43289,,คลินิกทันตกรรมมอสเจริญนคร,,คลองต้นไทร,เขตคลองสาน,,กรุงเทพฯ,เขต 13 กรุงเทพมหานคร,,หน่วยบริการในระบบหลักประกันสุขภาพแห่งชาติ,,,เอกชน,คลินิก (เอกชน)
5046,43293,,ปิ่นทองทันตแพทย์คลินิกทันตกรรม,,คลองบางบอน,เขตบางบอน,,กรุงเทพฯ,เขต 13 กรุงเทพมหานคร,,หน่วยบริการในระบบหลักประกันสุขภาพแห่งชาติ,,,เอกชน,คลินิก (เอกชน)
5053,43314,,คลินิกทันตกรรมสมายล์เจอร์นีย์,,บางบอน,เขตบางบอน,,กรุงเทพฯ,เขต 13 กรุงเทพมหานคร,,หน่วยบริการในระบบหลักประกันสุขภาพแห่งชาติ,,,เอกชน,คลินิก (เอกชน)
5063,43344,,คลินิกเวชกรรมรักษ์สุขภาพเอกชัย 89,,คลองบางบอน,เขตบางบอน,,กรุงเทพฯ,เขต 13 กรุงเทพมหานคร,,หน่วยบริการในระบบหลักประกันสุขภาพแห่งชาติ,,,เอกชน,คลินิก (เอกชน)
5070,43362,,บางกอกไซโตเจเนติกซ์คลินิกเทคนิคการแพทย์,,จอมพล,เขตจตุจักร,,กรุงเทพฯ,เขต 13 กรุงเทพมหานคร,,หน่วยบริการในระบบหลักประกันสุขภาพแห่งชาติ,,,เอกชน,คลินิก (เอกชน)
5080,43398,,หทัยราษฎร์คลองสามวาสหคลินิก,,บางชัน,เขตคลองสามวา,,กรุงเทพฯ,เขต 13 กรุงเทพมหานคร,,หน่วยบริการในระบบหลักประกันสุขภาพแห่งชาติ,,,เอกชน,คลินิก (เอกชน)
5081,43400,,คลินิกทันตกรรมเด็นเมด,,แสมดำ,เขตบางขุนเทียน,,กรุงเทพฯ,เขต 13 กรุงเทพมหานคร,,หน่วยบริการในระบบหลักประกันสุขภาพแห่งชาติ,,,เอกชน,คลินิก (เอกชน)
5082,43401,,สวิงสะพานควายคลินิกเทคนิคการแพทย์,,พญาไท,เขตพญาไท,,กรุงเทพฯ,เขต 13 กรุงเทพมหานคร,,หน่วยบริการในระบบหลักประกันสุขภาพแห่งชาติ,,,เอกชน,คลินิก (เอกชน)
5084,43407,,บางเขนการแพทย์สหคลินิก,,ท่าแร้ง,เขตบางเขน,,กรุงเทพฯ,เขต 13 กรุงเทพมหานคร,,หน่วยบริการในระบบหลักประกันสุขภาพแห่งชาติ,,,เอกชน,คลินิก (เอกชน)
5089,43422,,สหคลินิกแบงค์คอกบีเฮลท์,,ท่าแร้ง,เขตบางเขน,,กรุงเทพฯ,เขต 13 กรุงเทพมหานคร,,หน่วยบริการในระบบหลักประกันสุขภาพแห่งชาติ,,,เอกชน,คลินิก (เอกชน)
5090,43435,,เพื่อนไตคลินิกเฉพาะทางด้านเวชกรรมไตเทียม,,บางกะปิ,เขตห้วยขวาง,,กรุงเทพฯ,เขต 13 กรุงเทพมหานคร,,หน่วยบริการในระบบหลักประกันสุขภาพแห่งชาติ,,,เอกชน,คลินิก (เอกชน)
5092,43450,,เอสแอนด์ดับบลิวคลินิกเวชกรรม สาขาคลองสามวา,,บางชัน,เขตคลองสามวา,,กรุงเทพฯ,เขต 13 กรุงเทพมหานคร,,หน่วยบริการในระบบหลักประกันสุขภาพแห่งชาติ,,,เอกชน,คลินิก (เอกชน)
5095,43465,,โรงพยาบาลวิมุตบางนา-วงแหวนโรงพยาบาลกายภาพบำบัดขนาดเล็ก,,ดอกไม้,เขตประเวศ,,กรุงเทพฯ,เขต 13 กรุงเทพมหานคร,,หน่วยบริการในระบบหลักประกันสุขภาพแห่งชาติ,,,เอกชน,โรงพยาบาล (เอกชน)
5096,43466,,รวมใจรักษ์โรงพยาบาลทั่วไปขนาดใหญ่,,พระโขนงใต้,เขตพระโขนง,,กรุงเทพฯ,เขต 13 กรุงเทพมหานคร,,หน่วยบริการในระบบหลักประกันสุขภาพแห่งชาติ,,,เอกชน,โรงพยาบาล (เอกชน)
5097,43469,,คลินิกทันตกรรมสไมล์ซีซันส์ สาขาท่าพระ,,ดาวคะนอง,เขตธนบุรี,,กรุงเทพฯ,เขต 13 กรุงเทพมหานคร,,หน่วยบริการในระบบหลักประกันสุขภาพแห่งชาติ,,,เอกชน,คลินิก (เอกชน)
5099,43480,,คลินิกทันตกรรมเจริญกรุงทันตแพทย์ 2,,วัดพระยาไกร,เขตบางคอแหลม,,กรุงเทพฯ,เขต 13 กรุงเทพมหานคร,,หน่วยบริการในระบบหลักประกันสุขภาพแห่งชาติ,,,เอกชน,คลินิก (เอกชน)
5102,43497,,คลินิกทันตกรรมสไมล์เลาจน์,,สายไหม,เขตสายไหม,,กรุงเทพฯ,เขต 13 กรุงเทพมหานคร,,หน่วยบริการในระบบหลักประกันสุขภาพแห่งชาติ,,,เอกชน,คลินิก (เอกชน)
5105,43506,,คลินิกเทคนิคการแพทย์ ไพร์ม แล็บ,,ดุสิต,เขตดุสิต,,กรุงเทพฯ,เขต 13 กรุงเทพมหานคร,,หน่วยบริการในระบบหลักประกันสุขภาพแห่งชาติ,,,เอกชน,คลินิก (เอกชน)
5107,43510,,คลินิกทันตกรรมพลัส สาขาพระราม 2,,แสมดำ,เขตบางขุนเทียน,,กรุงเทพฯ,เขต 13 กรุงเทพมหานคร,,หน่วยบริการในระบบหลักประกันสุขภาพแห่งชาติ,,,เอกชน,คลินิก (เอกชน)
5111,43531,,คลินิกทันตกรรมพลัส สาขาลาดกระบัง,,ลาดกระบัง,เขตลาดกระบัง,,กรุงเทพฯ,เขต 13 กรุงเทพมหานคร,,หน่วยบริการในระบบหลักประกันสุขภาพแห่งชาติ,,,เอกชน,คลินิก (เอกชน)
5112,43537,,คลินิกทันตกรรมบางกระดี่,,แสมดำ,เขตบางขุนเทียน,,กรุงเทพฯ,เขต 13 กรุงเทพมหานคร,,หน่วยบริการในระบบหลักประกันสุขภาพแห่งชาติ,,,เอกชน,คลินิก (เอกชน)
5117,43582,,ยศไพบูลย์คลินิกทันตกรรม,,พระโขนงเหนือ,เขตวัฒนา,,กรุงเทพฯ,เขต 13 กรุงเทพมหานคร,,หน่วยบริการในระบบหลักประกันสุขภาพแห่งชาติ,,,เอกชน,คลินิก (เอกชน)
5119,43598,,คลินิกเวชกรรมพุฒธาดา วัดจันทร์ฯ,,บางด้วน,เขตภาษีเจริญ,,กรุงเทพฯ,เขต 13 กรุงเทพมหานคร,,หน่วยบริการในระบบหลักประกันสุขภาพแห่งชาติ,,,เอกชน,คลินิก (เอกชน)
5120,43603,,สหคลินิกพระราม 2 (แพทย์แผนไทยประยุกต์ ทันตกรรม),,แสมดำ,เขตบางขุนเทียน,,กรุงเทพฯ,เขต 13 กรุงเทพมหานคร,,หน่วยบริการในระบบหลักประกันสุขภาพแห่งชาติ,,,เอกชน,คลินิก (เอกชน)
5128,43617,,โอบอ้อมคลินิกเวชกรรม,,หนองค้างพลู,เขตหนองแขม,,กรุงเทพฯ,เขต 13 กรุงเทพมหานคร,,หน่วยบริการในระบบหลักประกันสุขภาพแห่งชาติ,,,เอกชน,คลินิก (เอกชน)
5131,43632,,ธรรมพิชญาคลินิกเวชกรรม สาขาลาดพร้าว,,สะพานสอง,เขตวังทองหลาง,,กรุงเทพฯ,เขต 13 กรุงเทพมหานคร,,หน่วยบริการในระบบหลักประกันสุขภาพแห่งชาติ,,,เอกชน,คลินิก (เอกชน)
5136,43640,,สหคลินิกโกสุมรวมใจ,,สีกัน,เขตดอนเมือง,,กรุงเทพฯ,เขต 13 กรุงเทพมหานคร,,หน่วยบริการในระบบหลักประกันสุขภาพแห่งชาติ,,,เอกชน,คลินิก (เอกชน)
5138,43650,,คลินิกทันตกรรมเฟิร์สสไมล์,,แสมดำ,เขตบางขุนเทียน,,กรุงเทพฯ,เขต 13 กรุงเทพมหานคร,,หน่วยบริการในระบบหลักประกันสุขภาพแห่งชาติ,,,เอกชน,คลินิก (เอกชน)
5140,43656,,คลินิกทันตกรรมไอซีสไมล์,,บางมด,เขตทุ่งครุ,,กรุงเทพฯ,เขต 13 กรุงเทพมหานคร,,หน่วยบริการในระบบหลักประกันสุขภาพแห่งชาติ,,,เอกชน,คลินิก (เอกชน)
5142,43669,,คลินิกทันตกรรมทูธแอนด์โก,,บางขุนศรี,เขตบางกอกน้อย,,กรุงเทพฯ,เขต 13 กรุงเทพมหานคร,,หน่วยบริการในระบบหลักประกันสุขภาพแห่งชาติ,,,เอกชน,คลินิก (เอกชน)
5143,43671,,หทัยราษฎร์คลินิกเวชกรรม สาขาหนองจอก,,โคกแฝด,เขตหนองจอก,,กรุงเทพฯ,เขต 13 กรุงเทพมหานคร,,หน่วยบริการในระบบหลักประกันสุขภาพแห่งชาติ,,,เอกชน,คลินิก (เอกชน)
5144,43672,,คลินิกกายภาพบำบัดสวนสน,,หัวหมาก,เขตบางกะปิ,,กรุงเทพฯ,เขต 13 กรุงเทพมหานคร,,หน่วยบริการในระบบหลักประกันสุขภาพแห่งชาติ,,,เอกชน,คลินิก (เอกชน)
5145,43673,,คลินิกเวชกรรมพุฒธาดา บางแวก 3,,บางแวก,เขตภาษีเจริญ,,กรุงเทพฯ,เขต 13 กรุงเทพมหานคร,,หน่วยบริการในระบบหลักประกันสุขภาพแห่งชาติ,,,เอกชน,คลินิก (เอกชน)
5148,43686,,คลินิกเวชกรรมรักประชา ราษฎร์บูรณะ,,ราษฎร์บูรณะ,เขตราษฎร์บูรณะ,,กรุงเทพฯ,เขต 13 กรุงเทพมหานคร,,หน่วยบริการในระบบหลักประกันสุขภาพแห่งชาติ,,,เอกชน,คลินิก (เอกชน)
5149,43687,,คลินิกเวชกรรมรักประชา เอกชัย,,คลองบางพราน,เขตบางบอน,,กรุงเทพฯ,เขต 13 กรุงเทพมหานคร,,หน่วยบริการในระบบหลักประกันสุขภาพแห่งชาติ,,,เอกชน,คลินิก (เอกชน)
5152,43694,,คลินิกเวชกรรมแยกวงศ์สว่าง,,วงศ์สว่าง,เขตบางซื่อ,,กรุงเทพฯ,เขต 13 กรุงเทพมหานคร,,หน่วยบริการในระบบหลักประกันสุขภาพแห่งชาติ,,,เอกชน,คลินิก (เอกชน)
5153,43695,,คลินิกเวชกรรมประชาชื่น 12,,ทุ่งสองห้อง,เขตหลักสี่,,กรุงเทพฯ,เขต 13 กรุงเทพมหานคร,,หน่วยบริการในระบบหลักประกันสุขภาพแห่งชาติ,,,เอกชน,คลินิก (เอกชน)
5154,43696,,ประชาราษฎร์อบอุ่นคลินิกเวชกรรม สาขาเสนานิคม,,เสนานิคม,เขตจตุจักร,,กรุงเทพฯ,เขต 13 กรุงเทพมหานคร,,หน่วยบริการในระบบหลักประกันสุขภาพแห่งชาติ,,,เอกชน,คลินิก (เอกชน)
5155,43697,,ประชาราษฎร์อบอุ่นคลินิกเวชกรรม สาขาจรัญฯ 65,,บางบำหรุ,เขตบางพลัด,,กรุงเทพฯ,เขต 13 กรุงเทพมหานคร,,หน่วยบริการในระบบหลักประกันสุขภาพแห่งชาติ,,,เอกชน,คลินิก (เอกชน)
5156,43699,,คลินิกเวชกรรมรักษ์สุขภาพ ทุ่งครุ,,บางมด,เขตทุ่งครุ,,กรุงเทพฯ,เขต 13 กรุงเทพมหานคร,,หน่วยบริการในระบบหลักประกันสุขภาพแห่งชาติ,,,เอกชน,คลินิก (เอกชน)
5157,43700,,คลินิกเวชกรรมรักษ์สุขภาพสุขสวัสดิ์ 26,,บางปะกอก,เขตราษฎร์บูรณะ,,กรุงเทพฯ,เขต 13 กรุงเทพมหานคร,,หน่วยบริการในระบบหลักประกันสุขภาพแห่งชาติ,,,เอกชน,คลินิก (เอกชน)
5165,43712,,โพธิ์แก้ว คลินิกเวชกรรม,,นวมินทร์,เขตบึงกุ่ม,,กรุงเทพฯ,เขต 13 กรุงเทพมหานคร,,หน่วยบริการในระบบหลักประกันสุขภาพแห่งชาติ,,,เอกชน,คลินิก (เอกชน)
5166,43713,,บีรยาดา คลินิกเวชกรรม,,ทุ่งสองห้อง,เขตหลักสี่,,กรุงเทพฯ,เขต 13 กรุงเทพมหานคร,,หน่วยบริการในระบบหลักประกันสุขภาพแห่งชาติ,,,เอกชน,คลินิก (เอกชน)
5167,43714,,บีรยาดาคลินิกเวชกรรม สาขาวิภาวดีรังสิต 60,,ตลาดบางเขน,เขตหลักสี่,,กรุงเทพฯ,เขต 13 กรุงเทพมหานคร,,หน่วยบริการในระบบหลักประกันสุขภาพแห่งชาติ,,,เอกชน,คลินิก (เอกชน)
5168,43715,,บีรยาดา คลินิกเวชกรรม สาขาวัชรพล,,ท่าแร้ง,เขตบางเขน,,กรุงเทพฯ,เขต 13 กรุงเทพมหานคร,,หน่วยบริการในระบบหลักประกันสุขภาพแห่งชาติ,,,เอกชน,คลินิก (เอกชน)
5169,43716,,คลินิกทันตกรรมกิฟสไมล์,,ลาดยาว,เขตจตุจักร,,กรุงเทพฯ,เขต 13 กรุงเทพมหานคร,,หน่วยบริการในระบบหลักประกันสุขภาพแห่งชาติ,,,เอกชน,คลินิก (เอกชน)
5170,43718,,บุษกรคลินิกการพยาบาลและการผดุงครรภ์,,มีนบุรี,เขตมีนบุรี,,กรุงเทพฯ,เขต 13 กรุงเทพมหานคร,,หน่วยบริการในระบบหลักประกันสุขภาพแห่งชาติ,,,เอกชน,คลินิก (เอกชน)
5172,43724,,รักษ์ชีวาคลินิกเวชกรรม,,บางชัน,เขตคลองสามวา,,กรุงเทพฯ,เขต 13 กรุงเทพมหานคร,,หน่วยบริการในระบบหลักประกันสุขภาพแห่งชาติ,,,เอกชน,คลินิก (เอกชน)
5178,43752,,รักษ์สุขภาพเพชรเกษม 65 คลินิกเวชกรรม,,หลักสอง,เขตบางแค,,กรุงเทพฯ,เขต 13 กรุงเทพมหานคร,,หน่วยบริการในระบบหลักประกันสุขภาพแห่งชาติ,,,เอกชน,คลินิก (เอกชน)
5180,43763,,กรดาคลินิกเวชกรรม,,บางชัน,เขตคลองสามวา,,กรุงเทพฯ,เขต 13 กรุงเทพมหานคร,,หน่วยบริการในระบบหลักประกันสุขภาพแห่งชาติ,,,เอกชน,คลินิก (เอกชน)
5181,43768,,คลินิกทันตกรรมเอ็กซ์ดีซี สาขาศรีนครินทร์,,หนองบอน,เขตประเวศ,,กรุงเทพฯ,เขต 13 กรุงเทพมหานคร,,หน่วยบริการในระบบหลักประกันสุขภาพแห่งชาติ,,,เอกชน,คลินิก (เอกชน)
5187,43783,,โรงพยาบาลศรีสวรรค์ กรุงเทพมหานคร โรงพยาบาลทั่วไปขนาดกลาง,,ตลิ่งชัน,เขตตลิ่งชัน,,กรุงเทพฯ,เขต 13 กรุงเทพมหานคร,,หน่วยบริการในระบบหลักประกันสุขภาพแห่งชาติ,,,เอกชน,โรงพยาบาล (เอกชน)
5188,43784,,สหคลินิกยูแล็บ,,คลองจั่น,เขตบางกะปิ,,กรุงเทพฯ,เขต 13 กรุงเทพมหานคร,,หน่วยบริการในระบบหลักประกันสุขภาพแห่งชาติ,,,เอกชน,คลินิก (เอกชน)
5192,43798,,บีรยาดาคลินิกเวชกรรม สาขาสุคนธสวัสดิ์,,ลาดพร้าว,เขตลาดพร้าว,,กรุงเทพฯ,เขต 13 กรุงเทพมหานคร,,หน่วยบริการในระบบหลักประกันสุขภาพแห่งชาติ,,,เอกชน,คลินิก (เอกชน)
5199,43817,,คลินิกทันตกรรมดีซีเดนทัลโฮม สาขาโชคชัย 4,,สะพานสอง,เขตวังทองหลาง,,กรุงเทพฯ,เขต 13 กรุงเทพมหานคร,,หน่วยบริการในระบบหลักประกันสุขภาพแห่งชาติ,,,เอกชน,คลินิก (เอกชน)
5204,43843,,คลินิกทันตกรรมมอสจรัญสนิทวงศ์,,บางพลัด,เขตบางพลัด,,กรุงเทพฯ,เขต 13 กรุงเทพมหานคร,,หน่วยบริการในระบบหลักประกันสุขภาพแห่งชาติ,,,เอกชน,คลินิก (เอกชน)
5205,43844,,คลินิกทันตกรรมมอสศรีนครินทร์,,หนองบอน,เขตประเวศ,,กรุงเทพฯ,เขต 13 กรุงเทพมหานคร,,หน่วยบริการในระบบหลักประกันสุขภาพแห่งชาติ,,,เอกชน,คลินิก (เอกชน)
5207,43860,,คลินิกเวชกรรมราม 85,,หัวหมาก,เขตบางกะปิ,,กรุงเทพฯ,เขต 13 กรุงเทพมหานคร,,หน่วยบริการในระบบหลักประกันสุขภาพแห่งชาติ,,,เอกชน,คลินิก (เอกชน)
5209,43862,,คลินิกเวชกรรมบ้านจันทราสุข,,คลองเจ้าคุณสิงห์,เขตวังทองหลาง,,กรุงเทพฯ,เขต 13 กรุงเทพมหานคร,,หน่วยบริการในระบบหลักประกันสุขภาพแห่งชาติ,,,เอกชน,คลินิก (เอกชน)
5210,43863,,คลินิกเวชกรรมบ้านนวมินทร์,,คลองกุ่ม,เขตบึงกุ่ม,,กรุงเทพฯ,เขต 13 กรุงเทพมหานคร,,หน่วยบริการในระบบหลักประกันสุขภาพแห่งชาติ,,,เอกชน,คลินิก (เอกชน)
5211,43865,,คลินิกทันตกรรมพลัส สาขาอโศก,,คลองเตย,เขตคลองเตย,,กรุงเทพฯ,เขต 13 กรุงเทพมหานคร,,หน่วยบริการในระบบหลักประกันสุขภาพแห่งชาติ,,,เอกชน,คลินิก (เอกชน)
5215,43881,,คลินิกทันตกรรมดับเบิ้ลเอ็น สาขา MRT ท่าพระ,,วัดท่าพระ,เขตบางกอกใหญ่,,กรุงเทพฯ,เขต 13 กรุงเทพมหานคร,,หน่วยบริการในระบบหลักประกันสุขภาพแห่งชาติ,,,เอกชน,คลินิก (เอกชน)
5222,43895,,ภทรคลินิกทันตกรรม สาขาบางนา,,บางนา,เขตบางนา,,กรุงเทพฯ,เขต 13 กรุงเทพมหานคร,,หน่วยบริการในระบบหลักประกันสุขภาพแห่งชาติ,,,เอกชน,คลินิก (เอกชน)
5223,43898,,คลินิกเวชกรรมอารีรักษ์คลองเตย,,คลองเตย,เขตคลองเตย,,กรุงเทพฯ,เขต 13 กรุงเทพมหานคร,,หน่วยบริการในระบบหลักประกันสุขภาพแห่งชาติ,,,เอกชน,คลินิก (เอกชน)
5228,43916,,ลาดกระบังไตเทียมคลินิกเฉพาะทางด้านเวชกรรมไตเทียม 2,,ทับยาว,เขตลาดกระบัง,,กรุงเทพฯ,เขต 13 กรุงเทพมหานคร,,หน่วยบริการในระบบหลักประกันสุขภาพแห่งชาติ,,,เอกชน,คลินิก (เอกชน)
5229,43917,,คลินิกเวชกรรมรักษ์สุขภาพสวนผัก 41,,ฉิมพลี,เขตตลิ่งชัน,,กรุงเทพฯ,เขต 13 กรุงเทพมหานคร,,หน่วยบริการในระบบหลักประกันสุขภาพแห่งชาติ,,,เอกชน,คลินิก (เอกชน)
5230,43921,,คลินิกทันตกรรมดีซีเดนทัลโฮม สาขาห้วยขวาง,,ห้วยขวาง,เขตห้วยขวาง,,กรุงเทพฯ,เขต 13 กรุงเทพมหานคร,,หน่วยบริการในระบบหลักประกันสุขภาพแห่งชาติ,,,เอกชน,คลินิก (เอกชน)
5231,43922,,คลินิกทันตกรรมดีซีเดนทัลโฮม สาขาพระราม 2,,แสมดำ,เขตบางขุนเทียน,,กรุงเทพฯ,เขต 13 กรุงเทพมหานคร,,หน่วยบริการในระบบหลักประกันสุขภาพแห่งชาติ,,,เอกชน,คลินิก (เอกชน)
5232,43923,,คลินิกทันตกรรมดีซีเดนทัลโฮม สาขาบางแค,,บางแค,เขตบางแค,,กรุงเทพฯ,เขต 13 กรุงเทพมหานคร,,หน่วยบริการในระบบหลักประกันสุขภาพแห่งชาติ,,,เอกชน,คลินิก (เอกชน)
5235,43928,,คลินิกเวชกรรมใกล้บ้านใกล้ใจ 36,,คลองเตย,เขตคลองเตย,,กรุงเทพฯ,เขต 13 กรุงเทพมหานคร,,หน่วยบริการในระบบหลักประกันสุขภาพแห่งชาติ,,,เอกชน,คลินิก (เอกชน)
5239,43934,,ชิดใกล้คลินิกการพยาบาลและการผดุงครรภ์,,บางขุนศรี,เขตบางกอกน้อย,,กรุงเทพฯ,เขต 13 กรุงเทพมหานคร,,หน่วยบริการในระบบหลักประกันสุขภาพแห่งชาติ,,,เอกชน,คลินิก (เอกชน)
5243,43951,,คลินิกเวชกรรมใกล้บ้านใกล้ใจ 37,,ห้วยขวาง,เขตห้วยขวาง,,กรุงเทพฯ,เขต 13 กรุงเทพมหานคร,,หน่วยบริการในระบบหลักประกันสุขภาพแห่งชาติ,,,เอกชน,คลินิก (เอกชน)
5244,43953,,คลินิกเวชกรรมรามคำแหง 142,,สะพานสูง,เขตสะพานสูง,,กรุงเทพฯ,เขต 13 กรุงเทพมหานคร,,หน่วยบริการในระบบหลักประกันสุขภาพแห่งชาติ,,,เอกชน,คลินิก (เอกชน)
5246,43956,,สันติรักษ์สหคลินิก,,พลับพลา,เขตวังทองหลาง,,กรุงเทพฯ,เขต 13 กรุงเทพมหานคร,,หน่วยบริการในระบบหลักประกันสุขภาพแห่งชาติ,,,เอกชน,คลินิก (เอกชน)
5247,43957,,คลินิกเวชกรรมเอสเค,,คลองบางพราน,เขตบางบอน,,กรุงเทพฯ,เขต 13 กรุงเทพมหานคร,,หน่วยบริการในระบบหลักประกันสุขภาพแห่งชาติ,,,เอกชน,คลินิก (เอกชน)
5249,43962,,ฉลองกรุงคลินิกเฉพาะทางด้านเวชกรรมไตเทียม,,ลำปลาทิว,เขตลาดกระบัง,,กรุงเทพฯ,เขต 13 กรุงเทพมหานคร,,หน่วยบริการในระบบหลักประกันสุขภาพแห่งชาติ,,,เอกชน,คลินิก (เอกชน)
5250,43963,,คลินิกทันตกรรมวังหินทันตแพทย์,,ลาดพร้าว,เขตลาดพร้าว,,กรุงเทพฯ,เขต 13 กรุงเทพมหานคร,,หน่วยบริการในระบบหลักประกันสุขภาพแห่งชาติ,,,เอกชน,คลินิก (เอกชน)
5253,43989,,คลินิกเทคนิคการแพทย์เอซีทีจีโนมิคส์,,ปทุมวัน,เขตปทุมวัน,,กรุงเทพฯ,เขต 13 กรุงเทพมหานคร,,หน่วยบริการในระบบหลักประกันสุขภาพแห่งชาติ,,,เอกชน,คลินิก (เอกชน)
5255,44005,,บ้านแสนสุขคลินิกเวชกรรม สาขางามเจริญ,,ท่าข้าม,เขตบางขุนเทียน,,กรุงเทพฯ,เขต 13 กรุงเทพมหานคร,,หน่วยบริการในระบบหลักประกันสุขภาพแห่งชาติ,,,เอกชน,คลินิก (เอกชน)
5257,44009,,คลินิกเวชกรรมใกล้บ้านใกล้ใจ 23,,บางมด,เขตจอมทอง,,กรุงเทพฯ,เขต 13 กรุงเทพมหานคร,,หน่วยบริการในระบบหลักประกันสุขภาพแห่งชาติ,,,เอกชน,คลินิก (เอกชน)
5261,44013,,คลินิกเวชกรรมใกล้บ้านใกล้ใจ 35,,บางมด,เขตจอมทอง,,กรุงเทพฯ,เขต 13 กรุงเทพมหานคร,,หน่วยบริการในระบบหลักประกันสุขภาพแห่งชาติ,,,เอกชน,คลินิก (เอกชน)
5263,44032,,ศศิรักษ์สหคลินิก สาขาหนองแขม,,หนองค้างพลู,เขตหนองแขม,,กรุงเทพฯ,เขต 13 กรุงเทพมหานคร,,หน่วยบริการในระบบหลักประกันสุขภาพแห่งชาติ,,,เอกชน,คลินิก (เอกชน)
5264,44035,,คลินิกทันตกรรมต้นแค,,สนามบิน,เขตดอนเมือง,,กรุงเทพฯ,เขต 13 กรุงเทพมหานคร,,หน่วยบริการในระบบหลักประกันสุขภาพแห่งชาติ,,,เอกชน,คลินิก (เอกชน)
5266,44040,,คลินิกทันตกรรมดิออเร้นจ์,,บางแคเหนือ,เขตบางแค,,กรุงเทพฯ,เขต 13 กรุงเทพมหานคร,,หน่วยบริการในระบบหลักประกันสุขภาพแห่งชาติ,,,เอกชน,คลินิก (เอกชน)
5267,44042,,คลินิกทันตกรรมออเงินทันตแพทย์,,ออเงิน,เขตสายไหม,,กรุงเทพฯ,เขต 13 กรุงเทพมหานคร,,หน่วยบริการในระบบหลักประกันสุขภาพแห่งชาติ,,,เอกชน,คลินิก (เอกชน)
5269,44067,,ประชาชื่นสีลม เอ็มอาร์ไอ คลินิกเฉพาะทางด้านเวชกรรมรังสีวินิจฉัย,,สีลม,เขตบางรัก,,กรุงเทพฯ,เขต 13 กรุงเทพมหานคร,,หน่วยบริการในระบบหลักประกันสุขภาพแห่งชาติ,,,เอกชน,คลินิก (เอกชน)
5273,44079,,วิทยาลัยวิทยาศาสตร์การแพทย์เจ้าฟ้าจุฬาภรณ์,,ทุ่งสองห้อง,เขตหลักสี่,,กรุงเทพฯ,เขต 13 กรุงเทพมหานคร,,หน่วยบริการในระบบหลักประกันสุขภาพแห่งชาติ,,,รัฐนอก สธ.,สังกัดสำนักนายกรัฐมนตรี
5275,44093,,โลตัส แอซเซอร์ เมดิคอล เซอร์วิส สหคลินิก,,คลองสาน,เขตคลองสาน,,กรุงเทพฯ,เขต 13 กรุงเทพมหานคร,,หน่วยบริการในระบบหลักประกันสุขภาพแห่งชาติ,,,เอกชน,คลินิก (เอกชน)
5278,44101,,คลินิกเวชกรรมหมู่บ้านพฤกษชาติ,,สะพานสูง,เขตสะพานสูง,,กรุงเทพฯ,เขต 13 กรุงเทพมหานคร,,หน่วยบริการในระบบหลักประกันสุขภาพแห่งชาติ,,,เอกชน,คลินิก (เอกชน)
5279,44104,,เพิ่มรักษ์คลินิกเวชกรรม,,ทุ่งสองห้อง,เขตหลักสี่,,กรุงเทพฯ,เขต 13 กรุงเทพมหานคร,,หน่วยบริการในระบบหลักประกันสุขภาพแห่งชาติ,,,เอกชน,คลินิก (เอกชน)
5280,44105,,สหคลินิก ดี เอช ซี,,แสนแสบ,เขตมีนบุรี,,กรุงเทพฯ,เขต 13 กรุงเทพมหานคร,,หน่วยบริการในระบบหลักประกันสุขภาพแห่งชาติ,,,เอกชน,คลินิก (เอกชน)
5281,44106,,คลินิกทันตกรรมพลัส สาขาปิ่นเกล้า,,อรุณอมรินทร์,เขตบางกอกน้อย,,กรุงเทพฯ,เขต 13 กรุงเทพมหานคร,,หน่วยบริการในระบบหลักประกันสุขภาพแห่งชาติ,,,เอกชน,คลินิก (เอกชน)
5282,44107,,กิ่งแก้วไตเทียมคลินิกเฉพาะทางด้านเวชกรรมอายุรศาสตร์โรคไต,,ลาดกระบัง,เขตลาดกระบัง,,กรุงเทพฯ,เขต 13 กรุงเทพมหานคร,,หน่วยบริการในระบบหลักประกันสุขภาพแห่งชาติ,,,เอกชน,คลินิก (เอกชน)
5288,44150,,คลินิกทันตกรรมฟีนิกซ์,,พลับพลา,เขตวังทองหลาง,,กรุงเทพฯ,เขต 13 กรุงเทพมหานคร,,หน่วยบริการในระบบหลักประกันสุขภาพแห่งชาติ,,,เอกชน,คลินิก (เอกชน)
5289,44167,,อร่ามการแพทย์คลินิกเวชกรรม,,ออเงิน,เขตสายไหม,,กรุงเทพฯ,เขต 13 กรุงเทพมหานคร,,หน่วยบริการในระบบหลักประกันสุขภาพแห่งชาติ,,,เอกชน,คลินิก (เอกชน)
5291,44178,,รักษ์สุขภาพการพยาบาลและการผดุงครรภ์,,ถนนพญาไท,เขตราชเทวี,,กรุงเทพฯ,เขต 13 กรุงเทพมหานคร,,หน่วยบริการในระบบหลักประกันสุขภาพแห่งชาติ,,,เอกชน,คลินิก (เอกชน)
5293,44190,,คลินิกทันตกรรมดีซีเดนทัลโฮม สาขามีนบุรี,,มีนบุรี,เขตมีนบุรี,,กรุงเทพฯ,เขต 13 กรุงเทพมหานคร,,หน่วยบริการในระบบหลักประกันสุขภาพแห่งชาติ,,,เอกชน,คลินิก (เอกชน)
5299,44223,,ปัณสุขคลินิกเฉพาะทางด้านเวชกรรมไตเทียม,,มักกะสัน,เขตราชเทวี,,กรุงเทพฯ,เขต 13 กรุงเทพมหานคร,,หน่วยบริการในระบบหลักประกันสุขภาพแห่งชาติ,,,เอกชน,คลินิก (เอกชน)
5301,44232,,ธรรมพิชญาคลินิกเวชกรรม สาขาหทัยราษฎร์ 37,,สามวาตะวันตก,เขตคลองสามวา,,กรุงเทพฯ,เขต 13 กรุงเทพมหานคร,,หน่วยบริการในระบบหลักประกันสุขภาพแห่งชาติ,,,เอกชน,คลินิก (เอกชน)
5306,44254,,มิตรมวลชนคลินิกเวชกรรม สาขาบางชัน,,บางชัน,เขตคลองสามวา,,กรุงเทพฯ,เขต 13 กรุงเทพมหานคร,,หน่วยบริการในระบบหลักประกันสุขภาพแห่งชาติ,,,เอกชน,คลินิก (เอกชน)
5308,44261,,คลินิกเวชกรรมกรุงเทพพัฒนา,,หนองค้างพลู,เขตหนองแขม,,กรุงเทพฯ,เขต 13 กรุงเทพมหานคร,,หน่วยบริการในระบบหลักประกันสุขภาพแห่งชาติ,,,เอกชน,คลินิก (เอกชน)
5311,44278,,คลินิกทันตกรรมสไมล์วิลล่า,,ศาลาธรรมสพน์,เขตทวีวัฒนา,,กรุงเทพฯ,เขต 13 กรุงเทพมหานคร,,หน่วยบริการในระบบหลักประกันสุขภาพแห่งชาติ,,,เอกชน,คลินิก (เอกชน)
5313,44294,,ศิริสยามพระราม 4 คลินิกเฉพาะทางด้านเวชกรรมไตเทียม,,คลองตัน,เขตคลองเตย,,กรุงเทพฯ,เขต 13 กรุงเทพมหานคร,,หน่วยบริการในระบบหลักประกันสุขภาพแห่งชาติ,,,เอกชน,คลินิก (เอกชน)
5314,44296,,คลินิกทันตกรรมสไมล์ลอฟท์ สาขาปิ่นเกล้า,,บางบำหรุ,เขตบางพลัด,,กรุงเทพฯ,เขต 13 กรุงเทพมหานคร,,หน่วยบริการในระบบหลักประกันสุขภาพแห่งชาติ,,,เอกชน,คลินิก (เอกชน)
5320,44366,,โรงพยาบาลเดอะซีพลัส ประเวศ โรงพยาบาลทั่วไปขนาดเล็ก,,ดอกไม้,เขตประเวศ,,กรุงเทพฯ,เขต 13 กรุงเทพมหานคร,,หน่วยบริการในระบบหลักประกันสุขภาพแห่งชาติ,,,เอกชน,โรงพยาบาล (เอกชน)
5323,44390,,คลินิกทันตกรรมพิมสไมล์,,บางนา,เขตบางนา,,กรุงเทพฯ,เขต 13 กรุงเทพมหานคร,,หน่วยบริการในระบบหลักประกันสุขภาพแห่งชาติ,,,เอกชน,คลินิก (เอกชน)
5326,44404,,คลินิกการพยาบาลและการผดุงครรภ์รามอินทรา 12,,คันนายาว,เขตคันนายาว,,กรุงเทพฯ,เขต 13 กรุงเทพมหานคร,,หน่วยบริการในระบบหลักประกันสุขภาพแห่งชาติ,,,เอกชน,คลินิก (เอกชน)
5328,44409,,คลินิกทันตกรรมมอส แฮปปี้แลนด์,,คลองจั่น,เขตบางกะปิ,,กรุงเทพฯ,เขต 13 กรุงเทพมหานคร,,หน่วยบริการในระบบหลักประกันสุขภาพแห่งชาติ,,,เอกชน,คลินิก (เอกชน)
5329,44439,,คลินิกทันตกรรมบ้านฟันฟ้า,,แสมดำ,เขตบางขุนเทียน,,กรุงเทพฯ,เขต 13 กรุงเทพมหานคร,,หน่วยบริการในระบบหลักประกันสุขภาพแห่งชาติ,,,เอกชน,คลินิก (เอกชน)
5331,44456,,คลินิกกายภาพบำบัด มหาวิทยาลัยศรีนครินทรวิโรฒ,,คลองเตยเหนือ,เขตวัฒนา,,กรุงเทพฯ,เขต 13 กรุงเทพมหานคร,,หน่วยบริการในระบบหลักประกันสุขภาพแห่งชาติ,,,รัฐนอก สธ.,สังกัดกระทรวงการอุดมศึกษา วิทยาศาสตร์ วิจัยและนวัตกรรม
5333,44462,,เอ็มพีเฮลท์พลัสสหคลินิก,,คลองจั่น,เขตบางกะปิ,,กรุงเทพฯ,เขต 13 กรุงเทพมหานคร,,หน่วยบริการในระบบหลักประกันสุขภาพแห่งชาติ,,,เอกชน,คลินิก (เอกชน)
5334,44475,,ใกล้หมอใกล้ใจ คลินิกเวชกรรม,,คลองจั่น,เขตบางกะปิ,,กรุงเทพฯ,เขต 13 กรุงเทพมหานคร,,หน่วยบริการในระบบหลักประกันสุขภาพแห่งชาติ,,,เอกชน,คลินิก (เอกชน)
5335,44478,,รักษ์สุขภาพขวัญพัฒนาคลินิกเวชกรรม,,ดินแดง,เขตดินแดง,,กรุงเทพฯ,เขต 13 กรุงเทพมหานคร,,หน่วยบริการในระบบหลักประกันสุขภาพแห่งชาติ,,,เอกชน,คลินิก (เอกชน)
5336,44480,,คลินิกเวชกรรมไอเอ็มเอช สีลม,,สุริยวงศ์,เขตบางรัก,,กรุงเทพฯ,เขต 13 กรุงเทพมหานคร,,หน่วยบริการในระบบหลักประกันสุขภาพแห่งชาติ,,,เอกชน,คลินิก (เอกชน)
5341,44545,,เอสแอนด์ดับบลิวคลินิกเวชกรรมสาขาบางเขน,,ท่าแร้ง,เขตบางเขน,,กรุงเทพฯ,เขต 13 กรุงเทพมหานคร,,หน่วยบริการในระบบหลักประกันสุขภาพแห่งชาติ,,,เอกชน,คลินิก (เอกชน)
5342,44547,,จันทน์ 35 คลินิกเวชกรรม,,ทุ่งวัดดอน,เขตสาทร,,กรุงเทพฯ,เขต 13 กรุงเทพมหานคร,,หน่วยบริการในระบบหลักประกันสุขภาพแห่งชาติ,,,เอกชน,คลินิก (เอกชน)
5346,44579,,บางขุนนนท์ 8 คลินิกเวชกรรม,,บางขุนนนท์,เขตบางกอกน้อย,,กรุงเทพฯ,เขต 13 กรุงเทพมหานคร,,หน่วยบริการในระบบหลักประกันสุขภาพแห่งชาติ,,,เอกชน,คลินิก (เอกชน)
5350,44646,,สหคลินิกพุฒธาดา บางกอกน้อย,,อรุณอมรินทร์,เขตบางกอกน้อย,,กรุงเทพฯ,เขต 13 กรุงเทพมหานคร,,หน่วยบริการในระบบหลักประกันสุขภาพแห่งชาติ,,,เอกชน,คลินิก (เอกชน)
5351,44647,,คลินิกเวชกรรมเอสดับเบิลยูแฟมิลี่,,ลาดยาว,เขตจตุจักร,,กรุงเทพฯ,เขต 13 กรุงเทพมหานคร,,หน่วยบริการในระบบหลักประกันสุขภาพแห่งชาติ,,,เอกชน,คลินิก (เอกชน)
5354,44671,,บัตรทองพร้อมสุขคลินิกเวชกรรม,,ดินแดง,เขตดินแดง,,กรุงเทพฯ,เขต 13 กรุงเทพมหานคร,,หน่วยบริการในระบบหลักประกันสุขภาพแห่งชาติ,,,เอกชน,คลินิก (เอกชน)
5355,44672,,รวมสุขคลินิกเวชกรรม,,ท่าข้าม,เขตบางขุนเทียน,,กรุงเทพฯ,เขต 13 กรุงเทพมหานคร,,หน่วยบริการในระบบหลักประกันสุขภาพแห่งชาติ,,,เอกชน,คลินิก (เอกชน)
5362,44752,,คลินิกเวชกรรมบ้านสหกรณ์,,คลองกุ่ม,เขตบึงกุ่ม,,กรุงเทพฯ,เขต 13 กรุงเทพมหานคร,,หน่วยบริการในระบบหลักประกันสุขภาพแห่งชาติ,,,เอกชน,คลินิก (เอกชน)
5363,44753,,คลินิกเวชกรรมบ้านศรีขริน,,หัวหมาก,เขตบางกะปิ,,กรุงเทพฯ,เขต 13 กรุงเทพมหานคร,,หน่วยบริการในระบบหลักประกันสุขภาพแห่งชาติ,,,เอกชน,คลินิก (เอกชน)
5366,44775,,กนกคลินิกกายภาพบำบัด สาขาชินเขต 2,,ทุ่งสองห้อง,เขตหลักสี่,,กรุงเทพฯ,เขต 13 กรุงเทพมหานคร,,หน่วยบริการในระบบหลักประกันสุขภาพแห่งชาติ,,,เอกชน,คลินิก (เอกชน)
5367,44790,,เชื่อมสัมพันธ์ 29 สหคลินิก,,โคกแฝด,เขตหนองจอก,,กรุงเทพฯ,เขต 13 กรุงเทพมหานคร,,หน่วยบริการในระบบหลักประกันสุขภาพแห่งชาติ,,,เอกชน,คลินิก (เอกชน)
5376,44858,,รักษ์สุขภาพบ้านแขกคลินิกเวชกรรม,,วัดกัลยาณ์,เขตธนบุรี,,กรุงเทพฯ,เขต 13 กรุงเทพมหานคร,,หน่วยบริการในระบบหลักประกันสุขภาพแห่งชาติ,,,เอกชน,คลินิก (เอกชน)
5377,44859,,รักษ์สุขภาพอิสรภาพ 5 คลินิกเวชกรรม,,สมเด็จเจ้าพระยา,เขตคลองสาน,,กรุงเทพฯ,เขต 13 กรุงเทพมหานคร,,หน่วยบริการในระบบหลักประกันสุขภาพแห่งชาติ,,,เอกชน,คลินิก (เอกชน)
5386,44934,,คลินิกทันตกรรม ฟ.ฟัน สะอาดจัง,,แสมดำ,เขตบางขุนเทียน,,กรุงเทพฯ,เขต 13 กรุงเทพมหานคร,,หน่วยบริการในระบบหลักประกันสุขภาพแห่งชาติ,,,เอกชน,คลินิก (เอกชน)
5401,44990,,คลินิกทันตกรรมซัมเมอร์สไมล์,,หนองค้างพลู,เขตหนองแขม,,กรุงเทพฯ,เขต 13 กรุงเทพมหานคร,,หน่วยบริการในระบบหลักประกันสุขภาพแห่งชาติ,,,เอกชน,คลินิก (เอกชน)
5411,45038,,โรงพยาบาลทั่วไปขนาดเล็ก เวลเนส อินเตอร์เนชั่นแนล,,ท่าแร้ง,เขตบางเขน,,กรุงเทพฯ,เขต 13 กรุงเทพมหานคร,,หน่วยบริการในระบบหลักประกันสุขภาพแห่งชาติ,,,เอกชน,โรงพยาบาล (เอกชน)
5417,45074,,คลินิกเวชกรรมบ้านตะวันทอง,,สวนหลวง,เขตสวนหลวง,,กรุงเทพฯ,เขต 13 กรุงเทพมหานคร,,หน่วยบริการในระบบหลักประกันสุขภาพแห่งชาติ,,,เอกชน,คลินิก (เอกชน)
5419,45087,,เดลิทคลินิกทันตกรรม สาขาพระราม 2,,แสมดำ,เขตบางขุนเทียน,,กรุงเทพฯ,เขต 13 กรุงเทพมหานคร,,หน่วยบริการในระบบหลักประกันสุขภาพแห่งชาติ,,,เอกชน,คลินิก (เอกชน)
5423,45160,,วันเดอร์สไมล์คลินิกทันตกรรม,,บางบำหรุ,เขตบางพลัด,,กรุงเทพฯ,เขต 13 กรุงเทพมหานคร,,หน่วยบริการในระบบหลักประกันสุขภาพแห่งชาติ,,,เอกชน,คลินิก (เอกชน)
5425,45163,,อยู่ดีมีสุขคลินิกเวชกรรม สาขาประชาอุทิศ,,ราษฎร์บูรณะ,เขตราษฎร์บูรณะ,,กรุงเทพฯ,เขต 13 กรุงเทพมหานคร,,หน่วยบริการในระบบหลักประกันสุขภาพแห่งชาติ,,,เอกชน,คลินิก (เอกชน)
5427,45179,,คลินิกทันตกรรมเจริญกรุงทันตแพทย์,,บางคอแหลม,เขตบางคอแหลม,,กรุงเทพฯ,เขต 13 กรุงเทพมหานคร,,หน่วยบริการในระบบหลักประกันสุขภาพแห่งชาติ,,,เอกชน,คลินิก (เอกชน)
5432,45208,,คลินิกทันตกรรมเด้นท์สไมล์,,บางบอน,เขตบางบอน,,กรุงเทพฯ,เขต 13 กรุงเทพมหานคร,,หน่วยบริการในระบบหลักประกันสุขภาพแห่งชาติ,,,เอกชน,คลินิก (เอกชน)
5433,45220,,คลินิกทันตกรรมเดนท์อินดี๊ด,,ถนนพญาไท,เขตราชเทวี,,กรุงเทพฯ,เขต 13 กรุงเทพมหานคร,,หน่วยบริการในระบบหลักประกันสุขภาพแห่งชาติ,,,เอกชน,คลินิก (เอกชน)
5434,45235,,ทัชสไมล์คลินิกทันตกรรม,,คลองจั่น,เขตบางกะปิ,,กรุงเทพฯ,เขต 13 กรุงเทพมหานคร,,หน่วยบริการในระบบหลักประกันสุขภาพแห่งชาติ,,,เอกชน,คลินิก (เอกชน)
5436,45244,,คลินิกทันตกรรมราม 53 ทันตแพทย์,,พลับพลา,เขตวังทองหลาง,,กรุงเทพฯ,เขต 13 กรุงเทพมหานคร,,หน่วยบริการในระบบหลักประกันสุขภาพแห่งชาติ,,,เอกชน,คลินิก (เอกชน)
5439,45251,,คลินิกทันตกรรมบ้านฟ้า,,บางคอแหลม,เขตบางคอแหลม,,กรุงเทพฯ,เขต 13 กรุงเทพมหานคร,,หน่วยบริการในระบบหลักประกันสุขภาพแห่งชาติ,,,เอกชน,คลินิก (เอกชน)
5442,45258,,ดีโอ้เดนทัลคลินิกทันตกรรม สาขาสีลม,,สีลม,เขตบางรัก,,กรุงเทพฯ,เขต 13 กรุงเทพมหานคร,,หน่วยบริการในระบบหลักประกันสุขภาพแห่งชาติ,,,เอกชน,คลินิก (เอกชน)
5453,45289,,บีเอสคลินิกทันตกรรม,,บางบอน,เขตบางบอน,,กรุงเทพฯ,เขต 13 กรุงเทพมหานคร,,หน่วยบริการในระบบหลักประกันสุขภาพแห่งชาติ,,,เอกชน,คลินิก (เอกชน)
5457,45297,,ลัคกี้ทูธเด็นทัลคลินิกคลินิกทันตกรรม,,นวลจันทร์,เขตบึงกุ่ม,,กรุงเทพฯ,เขต 13 กรุงเทพมหานคร,,หน่วยบริการในระบบหลักประกันสุขภาพแห่งชาติ,,,เอกชน,คลินิก (เอกชน)
5462,45321,,คลินิกทันตกรรมชลิดาเด็นทัลเฮาส์,,คลองจั่น,เขตบางกะปิ,,กรุงเทพฯ,เขต 13 กรุงเทพมหานคร,,หน่วยบริการในระบบหลักประกันสุขภาพแห่งชาติ,,,เอกชน,คลินิก (เอกชน)
5465,45331,,เดนเทลสหคลินิก,,คลองกุ่ม,เขตบึงกุ่ม,,กรุงเทพฯ,เขต 13 กรุงเทพมหานคร,,หน่วยบริการในระบบหลักประกันสุขภาพแห่งชาติ,,,เอกชน,คลินิก (เอกชน)
5468,45334,,คลินิกทันตกรรมยิ้มฟันใส สาขาหทัยราษฎร์,,บางชัน,เขตคลองสามวา,,กรุงเทพฯ,เขต 13 กรุงเทพมหานคร,,หน่วยบริการในระบบหลักประกันสุขภาพแห่งชาติ,,,เอกชน,คลินิก (เอกชน)
5470,45347,,คลินิกทันตกรรมยิ้มฟันใส สาขารามอินทรา 109,,มีนบุรี,เขตมีนบุรี,,กรุงเทพฯ,เขต 13 กรุงเทพมหานคร,,หน่วยบริการในระบบหลักประกันสุขภาพแห่งชาติ,,,เอกชน,คลินิก (เอกชน)
5474,45361,,คลินิกทันตกรรมพลอยเพลิน,,หนองค้างพลู,เขตหนองแขม,,กรุงเทพฯ,เขต 13 กรุงเทพมหานคร,,หน่วยบริการในระบบหลักประกันสุขภาพแห่งชาติ,,,เอกชน,คลินิก (เอกชน)
5475,45362,,คลินิกทันตกรรมบีเด็นท์,,หัวหมาก,เขตบางกะปิ,,กรุงเทพฯ,เขต 13 กรุงเทพมหานคร,,หน่วยบริการในระบบหลักประกันสุขภาพแห่งชาติ,,,เอกชน,คลินิก (เอกชน)
5484,45379,,ลาชัญญาคลินิกการแพทย์แผนไทย,,มีนบุรี,เขตมีนบุรี,,กรุงเทพฯ,เขต 13 กรุงเทพมหานคร,,หน่วยบริการในระบบหลักประกันสุขภาพแห่งชาติ,,,เอกชน,คลินิก (เอกชน)
5489,45387,,คลินิกทันตกรรมทีพลัส,,ทับช้าง,เขตสะพานสูง,,กรุงเทพฯ,เขต 13 กรุงเทพมหานคร,,หน่วยบริการในระบบหลักประกันสุขภาพแห่งชาติ,,,เอกชน,คลินิก (เอกชน)
5495,45400,,คลินิกทันตกรรมพลัส สาขาสาทร,,ยานนาวา,เขตสาทร,,กรุงเทพฯ,เขต 13 กรุงเทพมหานคร,,หน่วยบริการในระบบหลักประกันสุขภาพแห่งชาติ,,,เอกชน,คลินิก (เอกชน)
5496,45404,,คลินิกทันตกรรมออลเวย์สสไมล์ สาขาโลตัสพระราม 1,,ปทุมวัน,เขตปทุมวัน,,กรุงเทพฯ,เขต 13 กรุงเทพมหานคร,,หน่วยบริการในระบบหลักประกันสุขภาพแห่งชาติ,,,เอกชน,คลินิก (เอกชน)
5502,45412,,คลินิกทันตกรรมบ้านรักษ์ฟัน,,บางไผ่,เขตบางแค,,กรุงเทพฯ,เขต 13 กรุงเทพมหานคร,,หน่วยบริการในระบบหลักประกันสุขภาพแห่งชาติ,,,เอกชน,คลินิก (เอกชน)
5504,45415,,ยิ้มกว้างคลินิกทันตกรรม,,หนองค้างพลู,เขตหนองแขม,,กรุงเทพฯ,เขต 13 กรุงเทพมหานคร,,หน่วยบริการในระบบหลักประกันสุขภาพแห่งชาติ,,,เอกชน,คลินิก (เอกชน)
5513,45441,,คลินิกทันตกรรมมิสเตอร์เดนทิสท์,,ลาดยาว,เขตจตุจักร,,กรุงเทพฯ,เขต 13 กรุงเทพมหานคร,,หน่วยบริการในระบบหลักประกันสุขภาพแห่งชาติ,,,เอกชน,คลินิก (เอกชน)
5515,45450,,เด็นทัลปาร์คคลินิกทันตกรรม,,ศาลเจ้าพ่อเสือ,เขตพระนคร,,กรุงเทพฯ,เขต 13 กรุงเทพมหานคร,,หน่วยบริการในระบบหลักประกันสุขภาพแห่งชาติ,,,เอกชน,คลินิก (เอกชน)
5523,45467,,คลินิกทันตกรรมไอเดนท์,,ศาลาธรรมสพน์,เขตทวีวัฒนา,,กรุงเทพฯ,เขต 13 กรุงเทพมหานคร,,หน่วยบริการในระบบหลักประกันสุขภาพแห่งชาติ,,,เอกชน,คลินิก (เอกชน)
5525,45477,,ภทรคลินิกทันตกรรม,,บางมด,เขตทุ่งครุ,,กรุงเทพฯ,เขต 13 กรุงเทพมหานคร,,หน่วยบริการในระบบหลักประกันสุขภาพแห่งชาติ,,,เอกชน,คลินิก (เอกชน)
5530,45494,,คลินิกทันตกรรมสไมล์วิธมี,,หัวหมาก,เขตบางกะปิ,,กรุงเทพฯ,เขต 13 กรุงเทพมหานคร,,หน่วยบริการในระบบหลักประกันสุขภาพแห่งชาติ,,,เอกชน,คลินิก (เอกชน)
5531,45495,,คลินิกทันตกรรมพลัส,,สามเสนใน,เขตพญาไท,,กรุงเทพฯ,เขต 13 กรุงเทพมหานคร,,หน่วยบริการในระบบหลักประกันสุขภาพแห่งชาติ,,,เอกชน,คลินิก (เอกชน)
5532,45496,,คลินิกทันตกรรมพลัส สาขาอ่อนนุช,,สวนหลวง,เขตสวนหลวง,,กรุงเทพฯ,เขต 13 กรุงเทพมหานคร,,หน่วยบริการในระบบหลักประกันสุขภาพแห่งชาติ,,,เอกชน,คลินิก (เอกชน)
5533,45497,,คลินิกทันตกรรมพลัส สาขาอุดมสุข,,บางนา,เขตบางนา,,กรุงเทพฯ,เขต 13 กรุงเทพมหานคร,,หน่วยบริการในระบบหลักประกันสุขภาพแห่งชาติ,,,เอกชน,คลินิก (เอกชน)
5534,45500,,คลินิกทันตกรรมพลัส สาขาซีคอนบางแค,,บางหว้า,เขตภาษีเจริญ,,กรุงเทพฯ,เขต 13 กรุงเทพมหานคร,,หน่วยบริการในระบบหลักประกันสุขภาพแห่งชาติ,,,เอกชน,คลินิก (เอกชน)
5538,45510,,คลินิกทันตกรรมทูธแคมป์,,บางแค,เขตบางแค,,กรุงเทพฯ,เขต 13 กรุงเทพมหานคร,,หน่วยบริการในระบบหลักประกันสุขภาพแห่งชาติ,,,เอกชน,คลินิก (เอกชน)
5543,45523,,คลินิกทันตกรรมบ้านฟันดี,,คลองถนน,เขตสายไหม,,กรุงเทพฯ,เขต 13 กรุงเทพมหานคร,,หน่วยบริการในระบบหลักประกันสุขภาพแห่งชาติ,,,เอกชน,คลินิก (เอกชน)
5551,45563,,คลินิกทันตกรรมวงศกรทันตกรรม,,สายไหม,เขตสายไหม,,กรุงเทพฯ,เขต 13 กรุงเทพมหานคร,,หน่วยบริการในระบบหลักประกันสุขภาพแห่งชาติ,,,เอกชน,คลินิก (เอกชน)
5567,45625,,คลินิกทันตกรรมโมเดิร์นสไมล์,,บางแค,เขตบางแค,,กรุงเทพฯ,เขต 13 กรุงเทพมหานคร,,หน่วยบริการในระบบหลักประกันสุขภาพแห่งชาติ,,,เอกชน,คลินิก (เอกชน)
5569,45630,,คลินิกทันตกรรมรักฟัน,,บางแค,เขตบางแค,,กรุงเทพฯ,เขต 13 กรุงเทพมหานคร,,หน่วยบริการในระบบหลักประกันสุขภาพแห่งชาติ,,,เอกชน,คลินิก (เอกชน)
5576,45645,,คลินิกเฉพาะทางด้านทันตกรรมจัดฟัน พี เอส ดี ซี,,อรุณอมรินทร์,เขตบางกอกน้อย,,กรุงเทพฯ,เขต 13 กรุงเทพมหานคร,,หน่วยบริการในระบบหลักประกันสุขภาพแห่งชาติ,,,เอกชน,คลินิก (เอกชน)
5598,45729,,คลินิกทันตกรรมสไมล์ซีซันส์ สาขาอโศก,,คลองเตยเหนือ,เขตวัฒนา,,กรุงเทพฯ,เขต 13 กรุงเทพมหานคร,,หน่วยบริการในระบบหลักประกันสุขภาพแห่งชาติ,,,เอกชน,คลินิก (เอกชน)
5600,45745,,คลินิกทันตกรรมมีเมาธ,,มีนบุรี,เขตมีนบุรี,,กรุงเทพฯ,เขต 13 กรุงเทพมหานคร,,หน่วยบริการในระบบหลักประกันสุขภาพแห่งชาติ,,,เอกชน,คลินิก (เอกชน)
5608,45776,,คลินิกทันตกรรมสาธิต,,สะพานสอง,เขตวังทองหลาง,,กรุงเทพฯ,เขต 13 กรุงเทพมหานคร,,หน่วยบริการในระบบหลักประกันสุขภาพแห่งชาติ,,,เอกชน,คลินิก (เอกชน)
5610,45779,,คลินิกทันตกรรมบ้านรักฟัน,,ออเงิน,เขตสายไหม,,กรุงเทพฯ,เขต 13 กรุงเทพมหานคร,,หน่วยบริการในระบบหลักประกันสุขภาพแห่งชาติ,,,เอกชน,คลินิก (เอกชน)
5612,45794,,คลินิกทันตกรรมโปรเด็นท์ สาขาเพชรเกษม 79,,หนองค้างพลู,เขตหนองแขม,,กรุงเทพฯ,เขต 13 กรุงเทพมหานคร,,หน่วยบริการในระบบหลักประกันสุขภาพแห่งชาติ,,,เอกชน,คลินิก (เอกชน)
5613,45795,,คลินิกทันตกรรมโปรเด็นท์ สาขาสาย 3,,ทวีวัฒนา,เขตทวีวัฒนา,,กรุงเทพฯ,เขต 13 กรุงเทพมหานคร,,หน่วยบริการในระบบหลักประกันสุขภาพแห่งชาติ,,,เอกชน,คลินิก (เอกชน)
5615,45800,,คลินิกทันตกรรมสาย 1,,บางหว้า,เขตภาษีเจริญ,,กรุงเทพฯ,เขต 13 กรุงเทพมหานคร,,หน่วยบริการในระบบหลักประกันสุขภาพแห่งชาติ,,,เอกชน,คลินิก (เอกชน)
5616,45802,,คลินิกทันตกรรมสุดาทิพย์,,บางแค,เขตบางแค,,กรุงเทพฯ,เขต 13 กรุงเทพมหานคร,,หน่วยบริการในระบบหลักประกันสุขภาพแห่งชาติ,,,เอกชน,คลินิก (เอกชน)
5617,45809,,คลินิกทันตกรรมรักฟันทันตแพทย์ สาขา 1,,มีนบุรี,เขตมีนบุรี,,กรุงเทพฯ,เขต 13 กรุงเทพมหานคร,,หน่วยบริการในระบบหลักประกันสุขภาพแห่งชาติ,,,เอกชน,คลินิก (เอกชน)
5627,45848,,คลินิกทันตกรรมทูธบัดดี้,,บางขุนศรี,เขตบางกอกน้อย,,กรุงเทพฯ,เขต 13 กรุงเทพมหานคร,,หน่วยบริการในระบบหลักประกันสุขภาพแห่งชาติ,,,เอกชน,คลินิก (เอกชน)
5629,45857,,คลินิกทันตกรรมสไมล์แลนด์,,บางพลัด,เขตบางพลัด,,กรุงเทพฯ,เขต 13 กรุงเทพมหานคร,,หน่วยบริการในระบบหลักประกันสุขภาพแห่งชาติ,,,เอกชน,คลินิก (เอกชน)
5639,45886,,คลินิกทันตกรรมเดนทิสฟอร์ยู,,สามเสนนอก,เขตห้วยขวาง,,กรุงเทพฯ,เขต 13 กรุงเทพมหานคร,,หน่วยบริการในระบบหลักประกันสุขภาพแห่งชาติ,,,เอกชน,คลินิก (เอกชน)
5643,45909,,เดนทัลแกลอรี่คลินิกทันตกรรม,,เสนานิคม,เขตจตุจักร,,กรุงเทพฯ,เขต 13 กรุงเทพมหานคร,,หน่วยบริการในระบบหลักประกันสุขภาพแห่งชาติ,,,เอกชน,คลินิก (เอกชน)
5649,45940,,คลินิกทันตกรรมเดนทิสฟอร์ยู,,บางชัน,เขตคลองสามวา,,กรุงเทพฯ,เขต 13 กรุงเทพมหานคร,,หน่วยบริการในระบบหลักประกันสุขภาพแห่งชาติ,,,เอกชน,คลินิก (เอกชน)
5650,45942,,คลินิกทันตกรรมมงคลทันตแพทย์,,บางขุนศรี,เขตบางกอกน้อย,,กรุงเทพฯ,เขต 13 กรุงเทพมหานคร,,หน่วยบริการในระบบหลักประกันสุขภาพแห่งชาติ,,,เอกชน,คลินิก (เอกชน)
5651,45945,,คลินิกทันตกรรมสไมล์คอนเนคท์,,บางชัน,เขตคลองสามวา,,กรุงเทพฯ,เขต 13 กรุงเทพมหานคร,,หน่วยบริการในระบบหลักประกันสุขภาพแห่งชาติ,,,เอกชน,คลินิก (เอกชน)
5653,45954,,คลินิกทันตกรรมพี-เดนท์,,คลองถนน,เขตสายไหม,,กรุงเทพฯ,เขต 13 กรุงเทพมหานคร,,หน่วยบริการในระบบหลักประกันสุขภาพแห่งชาติ,,,เอกชน,คลินิก (เอกชน)
5654,45958,,คลินิกทันตกรรมสุรชัย,,บางขุนนนท์,เขตบางกอกน้อย,,กรุงเทพฯ,เขต 13 กรุงเทพมหานคร,,หน่วยบริการในระบบหลักประกันสุขภาพแห่งชาติ,,,เอกชน,คลินิก (เอกชน)
5664,46012,,วิมลคลินิกทันตกรรม,,อนุสาวรีย์,เขตบางเขน,,กรุงเทพฯ,เขต 13 กรุงเทพมหานคร,,หน่วยบริการในระบบหลักประกันสุขภาพแห่งชาติ,,,เอกชน,คลินิก (เอกชน)
5668,46033,,คลินิกทันตกรรมรักษ์ฟัน,,รามอินทรา,เขตคันนายาว,,กรุงเทพฯ,เขต 13 กรุงเทพมหานคร,,หน่วยบริการในระบบหลักประกันสุขภาพแห่งชาติ,,,เอกชน,คลินิก (เอกชน)
5669,46043,,คลินิกทันตกรรมกรุงเทพเดนทัล,,ลาดพร้าว,เขตลาดพร้าว,,กรุงเทพฯ,เขต 13 กรุงเทพมหานคร,,หน่วยบริการในระบบหลักประกันสุขภาพแห่งชาติ,,,เอกชน,คลินิก (เอกชน)
5675,46069,,คลินิกทันตกรรมสไมล์ซีซันส์ สาขาเมเจอร์รัชโยธิน,,ลาดยาว,เขตจตุจักร,,กรุงเทพฯ,เขต 13 กรุงเทพมหานคร,,หน่วยบริการในระบบหลักประกันสุขภาพแห่งชาติ,,,เอกชน,คลินิก (เอกชน)
5678,46085,,คลินิกทันตกรรมฟิน,,วชิรพยาบาล,เขตดุสิต,,กรุงเทพฯ,เขต 13 กรุงเทพมหานคร,,หน่วยบริการในระบบหลักประกันสุขภาพแห่งชาติ,,,เอกชน,คลินิก (เอกชน)
5682,46094,,คลินิกทันตกรรมวีแอนด์เอส,,ท่าแร้ง,เขตบางเขน,,กรุงเทพฯ,เขต 13 กรุงเทพมหานคร,,หน่วยบริการในระบบหลักประกันสุขภาพแห่งชาติ,,,เอกชน,คลินิก (เอกชน)
5691,46129,,สไมล์ เดนทัล คลินิกทันตกรรม,,อนุสาวรีย์,เขตบางเขน,,กรุงเทพฯ,เขต 13 กรุงเทพมหานคร,,หน่วยบริการในระบบหลักประกันสุขภาพแห่งชาติ,,,เอกชน,คลินิก (เอกชน)
5695,46147,,คลินิกทันตกรรมสบายสไมล์,,ลำปลาทิว,เขตลาดกระบัง,,กรุงเทพฯ,เขต 13 กรุงเทพมหานคร,,หน่วยบริการในระบบหลักประกันสุขภาพแห่งชาติ,,,เอกชน,คลินิก (เอกชน)
5698,46152,,คลินิกทันตกรรมบ้านรักษ์ฟัน,,หัวหมาก,เขตบางกะปิ,,กรุงเทพฯ,เขต 13 กรุงเทพมหานคร,,หน่วยบริการในระบบหลักประกันสุขภาพแห่งชาติ,,,เอกชน,คลินิก (เอกชน)
5701,46169,,คลินิกทันตกรรมออเร้นจ์สมาย สาขาตลาดมีนบุรี,,มีนบุรี,เขตมีนบุรี,,กรุงเทพฯ,เขต 13 กรุงเทพมหานคร,,หน่วยบริการในระบบหลักประกันสุขภาพแห่งชาติ,,,เอกชน,คลินิก (เอกชน)
5711,46197,,คลินิกทันตกรรมบิ๊กสไมล์,,บางชัน,เขตคลองสามวา,,กรุงเทพฯ,เขต 13 กรุงเทพมหานคร,,หน่วยบริการในระบบหลักประกันสุขภาพแห่งชาติ,,,เอกชน,คลินิก (เอกชน)
5731,46303,,คลินิกทันตกรรมเดนทัลคลับ,,อนุสาวรีย์,เขตบางเขน,,กรุงเทพฯ,เขต 13 กรุงเทพมหานคร,,หน่วยบริการในระบบหลักประกันสุขภาพแห่งชาติ,,,เอกชน,คลินิก (เอกชน)
5741,46339,,คลินิกทันตกรรมโฮมมี่,,ศาลาธรรมสพน์,เขตทวีวัฒนา,,กรุงเทพฯ,เขต 13 กรุงเทพมหานคร,,หน่วยบริการในระบบหลักประกันสุขภาพแห่งชาติ,,,เอกชน,คลินิก (เอกชน)
5752,46394,,คลินิกทันตกรรมบ้านหมอฟันวงศกร,,สายไหม,เขตสายไหม,,กรุงเทพฯ,เขต 13 กรุงเทพมหานคร,,หน่วยบริการในระบบหลักประกันสุขภาพแห่งชาติ,,,เอกชน,คลินิก (เอกชน)
5753,46395,,คลินิกทันตกรรมฟันไอเลิฟยู,,คลองจั่น,เขตบางกะปิ,,กรุงเทพฯ,เขต 13 กรุงเทพมหานคร,,หน่วยบริการในระบบหลักประกันสุขภาพแห่งชาติ,,,เอกชน,คลินิก (เอกชน)
5755,46406,,คลินิกทันตกรรมหมอเปิ้ล สาขาอุดมสุข 60,,หนองบอน,เขตประเวศ,,กรุงเทพฯ,เขต 13 กรุงเทพมหานคร,,หน่วยบริการในระบบหลักประกันสุขภาพแห่งชาติ,,,เอกชน,คลินิก (เอกชน)
5760,46439,,คลินิกทันตกรรมทูธบอกซ์,,ปากคลองภาษีเจริญ,เขตภาษีเจริญ,,กรุงเทพฯ,เขต 13 กรุงเทพมหานคร,,หน่วยบริการในระบบหลักประกันสุขภาพแห่งชาติ,,,เอกชน,คลินิก (เอกชน)
5764,46461,,คลินิกทันตกรรมออเร้นจ์สมาย สาขาร่มเกล้า,,คลองสองต้นนุ่น,เขตลาดกระบัง,,กรุงเทพฯ,เขต 13 กรุงเทพมหานคร,,หน่วยบริการในระบบหลักประกันสุขภาพแห่งชาติ,,,เอกชน,คลินิก (เอกชน)
5769,46481,,อายุวัฒน์คลินิกกายภาพบำบัด,,แสมดำ,เขตบางขุนเทียน,,กรุงเทพฯ,เขต 13 กรุงเทพมหานคร,,หน่วยบริการในระบบหลักประกันสุขภาพแห่งชาติ,,,เอกชน,คลินิก (เอกชน)
5776,46504,,คลินิกทันตกรรมออเร้นจ์สมาย,,คลองจั่น,เขตบางกะปิ,,กรุงเทพฯ,เขต 13 กรุงเทพมหานคร,,หน่วยบริการในระบบหลักประกันสุขภาพแห่งชาติ,,,เอกชน,คลินิก (เอกชน)
5777,46505,,คลินิกทันตกรรมออเร้นจ์สมาย สาขารามคำแหง,,หัวหมาก,เขตบางกะปิ,,กรุงเทพฯ,เขต 13 กรุงเทพมหานคร,,หน่วยบริการในระบบหลักประกันสุขภาพแห่งชาติ,,,เอกชน,คลินิก (เอกชน)
5781,46524,,คลินิกทันตกรรมบ้านทันตแพทย์,,บางแคเหนือ,เขตบางแค,,กรุงเทพฯ,เขต 13 กรุงเทพมหานคร,,หน่วยบริการในระบบหลักประกันสุขภาพแห่งชาติ,,,เอกชน,คลินิก (เอกชน)
5784,46540,,คลินิกทันตกรรมดับเบิ้ลเอ็น,,บางยี่ขัน,เขตบางพลัด,,กรุงเทพฯ,เขต 13 กรุงเทพมหานคร,,หน่วยบริการในระบบหลักประกันสุขภาพแห่งชาติ,,,เอกชน,คลินิก (เอกชน)
5785,46560,,คลินิกทันตกรรมบลิ๊งค์,,หัวหมาก,เขตบางกะปิ,,กรุงเทพฯ,เขต 13 กรุงเทพมหานคร,,หน่วยบริการในระบบหลักประกันสุขภาพแห่งชาติ,,,เอกชน,คลินิก (เอกชน)
5791,46575,,คลินิกทันตกรรมสมายล์แฟมิลี่,,ลำต้อยติ่ง,เขตหนองจอก,,กรุงเทพฯ,เขต 13 กรุงเทพมหานคร,,หน่วยบริการในระบบหลักประกันสุขภาพแห่งชาติ,,,เอกชน,คลินิก (เอกชน)
5798,46609,,คลินิกทันตกรรมมีเมาธ,,บางชัน,เขตคลองสามวา,,กรุงเทพฯ,เขต 13 กรุงเทพมหานคร,,หน่วยบริการในระบบหลักประกันสุขภาพแห่งชาติ,,,เอกชน,คลินิก (เอกชน)
5812,46668,,คลินิกทันตกรรมเด้นท์โฮม สาขาสะพานควาย,,สามเสนใน,เขตพญาไท,,กรุงเทพฯ,เขต 13 กรุงเทพมหานคร,,หน่วยบริการในระบบหลักประกันสุขภาพแห่งชาติ,,,เอกชน,คลินิก (เอกชน)
5831,46735,,คลินิกทันตกรรมบิ๊กสไมล์,,ท่าแร้ง,เขตบางเขน,,กรุงเทพฯ,เขต 13 กรุงเทพมหานคร,,หน่วยบริการในระบบหลักประกันสุขภาพแห่งชาติ,,,เอกชน,คลินิก (เอกชน)
5845,46810,,สบายใจคลินิกเวชกรรม,,ดอนเมือง,เขตดอนเมือง,,กรุงเทพฯ,เขต 13 กรุงเทพมหานคร,,หน่วยบริการในระบบหลักประกันสุขภาพแห่งชาติ,,,เอกชน,คลินิก (เอกชน)
5850,46845,,คลินิกทันตกรรมบ้านรักยิ้มทันตแพทย์,,มีนบุรี,เขตมีนบุรี,,กรุงเทพฯ,เขต 13 กรุงเทพมหานคร,,หน่วยบริการในระบบหลักประกันสุขภาพแห่งชาติ,,,เอกชน,คลินิก (เอกชน)
5851,46846,,คลินิกทันตกรรมครอบครัว ฟ.ฟัน,,มีนบุรี,เขตมีนบุรี,,กรุงเทพฯ,เขต 13 กรุงเทพมหานคร,,หน่วยบริการในระบบหลักประกันสุขภาพแห่งชาติ,,,เอกชน,คลินิก (เอกชน)
5852,46847,,คลินิกโสภณทันตแพทย์,,มีนบุรี,เขตมีนบุรี,,กรุงเทพฯ,เขต 13 กรุงเทพมหานคร,,หน่วยบริการในระบบหลักประกันสุขภาพแห่งชาติ,,,เอกชน,คลินิก (เอกชน)
5853,46851,,คลินิกทันตกรรมบีเคเค 48,,บางหว้า,เขตภาษีเจริญ,,กรุงเทพฯ,เขต 13 กรุงเทพมหานคร,,หน่วยบริการในระบบหลักประกันสุขภาพแห่งชาติ,,,เอกชน,คลินิก (เอกชน)
5856,46867,,คลินิกทันตกรรมพีบีเอสเด็นตัล,,บางแคเหนือ,เขตบางแค,,กรุงเทพฯ,เขต 13 กรุงเทพมหานคร,,หน่วยบริการในระบบหลักประกันสุขภาพแห่งชาติ,,,เอกชน,คลินิก (เอกชน)
5859,46884,,ยูมีคลินิกทันตกรรม สาขาบางแค,,บางแคเหนือ,เขตบางแค,,กรุงเทพฯ,เขต 13 กรุงเทพมหานคร,,หน่วยบริการในระบบหลักประกันสุขภาพแห่งชาติ,,,เอกชน,คลินิก (เอกชน)
5861,46904,,คลินิกทันตกรรมสปาร์ก,,คลองมหานาค,เขตป้อมปราบศัตรูพ่าย,,กรุงเทพฯ,เขต 13 กรุงเทพมหานคร,,หน่วยบริการในระบบหลักประกันสุขภาพแห่งชาติ,,,เอกชน,คลินิก (เอกชน)
5863,46912,,คลินิกทันตกรรมสุขภาพฟันเจริญกรุง,,ป้อมปราบ,เขตป้อมปราบศัตรูพ่าย,,กรุงเทพฯ,เขต 13 กรุงเทพมหานคร,,หน่วยบริการในระบบหลักประกันสุขภาพแห่งชาติ,,,เอกชน,คลินิก (เอกชน)
5864,46926,,เอสพีแล็บคลินิกเทคนิคการแพทย์,,ออเงิน,เขตสายไหม,,กรุงเทพฯ,เขต 13 กรุงเทพมหานคร,,หน่วยบริการในระบบหลักประกันสุขภาพแห่งชาติ,,,เอกชน,คลินิก (เอกชน)
5865,46931,,คลินิกทันตกรรมลาดพร้าวสไมล์,,พลับพลา,เขตวังทองหลาง,,กรุงเทพฯ,เขต 13 กรุงเทพมหานคร,,หน่วยบริการในระบบหลักประกันสุขภาพแห่งชาติ,,,เอกชน,คลินิก (เอกชน)
5866,46939,,คลินิกทันตกรรมเดลี่สไมล์,,ถนนพญาไท,เขตราชเทวี,,กรุงเทพฯ,เขต 13 กรุงเทพมหานคร,,หน่วยบริการในระบบหลักประกันสุขภาพแห่งชาติ,,,เอกชน,คลินิก (เอกชน)
5872,46992,,บ้านไตร่มเกล้าคลินิกเวชกรรม,,คลองสองต้นนุ่น,เขตลาดกระบัง,,กรุงเทพฯ,เขต 13 กรุงเทพมหานคร,,หน่วยบริการในระบบหลักประกันสุขภาพแห่งชาติ,,,เอกชน,คลินิก (เอกชน)
5879,47050,,คลินิกทันตกรรมมิสเตอร์สไมล์,,บางซื่อ,เขตบางซื่อ,,กรุงเทพฯ,เขต 13 กรุงเทพมหานคร,,หน่วยบริการในระบบหลักประกันสุขภาพแห่งชาติ,,,เอกชน,คลินิก (เอกชน)
5881,47076,,สุขสวัสดิ์ 32/1 คลินิกเวชกรรม,,บางปะกอก,เขตราษฎร์บูรณะ,,กรุงเทพฯ,เขต 13 กรุงเทพมหานคร,,หน่วยบริการในระบบหลักประกันสุขภาพแห่งชาติ,,,เอกชน,คลินิก (เอกชน)
5882,47081,,คลินิกทันตกรรมฟอร์ยู,,ตลิ่งชัน,เขตตลิ่งชัน,,กรุงเทพฯ,เขต 13 กรุงเทพมหานคร,,หน่วยบริการในระบบหลักประกันสุขภาพแห่งชาติ,,,เอกชน,คลินิก (เอกชน)
5885,47116,,วันสหคลินิก,,แสนแสบ,เขตมีนบุรี,,กรุงเทพฯ,เขต 13 กรุงเทพมหานคร,,หน่วยบริการในระบบหลักประกันสุขภาพแห่งชาติ,,,เอกชน,คลินิก (เอกชน)
5886,47125,,คอนเนคเเล็บคลินิกเทคนิคการเเพทย์,,ทุ่งสองห้อง,เขตหลักสี่,,กรุงเทพฯ,เขต 13 กรุงเทพมหานคร,,หน่วยบริการในระบบหลักประกันสุขภาพแห่งชาติ,,,เอกชน,คลินิก (เอกชน)
5889,47153,,คลินิกเวชกรรมบ้านรามอินทรา,,ท่าแร้ง,เขตบางเขน,,กรุงเทพฯ,เขต 13 กรุงเทพมหานคร,,หน่วยบริการในระบบหลักประกันสุขภาพแห่งชาติ,,,เอกชน,คลินิก (เอกชน)
5894,47208,,คลินิกทันตกรรมซีสเตชั่น,,สามเสนใน,เขตพญาไท,,กรุงเทพฯ,เขต 13 กรุงเทพมหานคร,,หน่วยบริการในระบบหลักประกันสุขภาพแห่งชาติ,,,เอกชน,คลินิก (เอกชน)
5900,47260,,ธนิยะรักษ์สหคลินิก,,สุริยวงศ์,เขตบางรัก,,กรุงเทพฯ,เขต 13 กรุงเทพมหานคร,,หน่วยบริการในระบบหลักประกันสุขภาพแห่งชาติ,,,เอกชน,คลินิก (เอกชน)
5901,47268,,ออร่าสไมล์คลินิกทันตกรรม,,ดาวคะนอง,เขตธนบุรี,,กรุงเทพฯ,เขต 13 กรุงเทพมหานคร,,หน่วยบริการในระบบหลักประกันสุขภาพแห่งชาติ,,,เอกชน,คลินิก (เอกชน)
5903,47314,,คลินิกทันตกรรมสไมล์ลอฟท์,,ถนนพญาไท,เขตราชเทวี,,กรุงเทพฯ,เขต 13 กรุงเทพมหานคร,,หน่วยบริการในระบบหลักประกันสุขภาพแห่งชาติ,,,เอกชน,คลินิก (เอกชน)
5910,47413,,พรีม่าโฮมคลินิกกายภาพบำบัด,,สามวาตะวันตก,เขตคลองสามวา,,กรุงเทพฯ,เขต 13 กรุงเทพมหานคร,,หน่วยบริการในระบบหลักประกันสุขภาพแห่งชาติ,,,เอกชน,คลินิก (เอกชน)
5911,47454,,คลินิกทันตกรรมสไมล์ซีซันส์ สาขาสีลมคอมเพล็กซ์,,สีลม,เขตบางรัก,,กรุงเทพฯ,เขต 13 กรุงเทพมหานคร,,หน่วยบริการในระบบหลักประกันสุขภาพแห่งชาติ,,,เอกชน,คลินิก (เอกชน)
5912,47466,,พักใจคลินิกเวชกรรม,,ทุ่งครุ,เขตทุ่งครุ,,กรุงเทพฯ,เขต 13 กรุงเทพมหานคร,,หน่วยบริการในระบบหลักประกันสุขภาพแห่งชาติ,,,เอกชน,คลินิก (เอกชน)
5916,47477,,คู้บอน 27 คลินิกการพยาบาลและการผดุงครรภ์,,ท่าแร้ง,เขตบางเขน,,กรุงเทพฯ,เขต 13 กรุงเทพมหานคร,,หน่วยบริการในระบบหลักประกันสุขภาพแห่งชาติ,,,เอกชน,คลินิก (เอกชน)
5918,47554,,พิมคลินิกเวชกรรม สาขาสีลม,,สุริยวงศ์,เขตบางรัก,,กรุงเทพฯ,เขต 13 กรุงเทพมหานคร,,หน่วยบริการในระบบหลักประกันสุขภาพแห่งชาติ,,,เอกชน,คลินิก (เอกชน)
5921,47589,,ศูนย์ทันตกรรมฟันดีเซนเตอร์คลินิกทันตกรรม,,คลองจั่น,เขตบางกะปิ,,กรุงเทพฯ,เขต 13 กรุงเทพมหานคร,,หน่วยบริการในระบบหลักประกันสุขภาพแห่งชาติ,,,เอกชน,คลินิก (เอกชน)
5926,47637,,คลินิกเวชกรรมกล้วยน้ำไท สาขาสุขาภิบาล 2,,ประเวศ,เขตประเวศ,,กรุงเทพฯ,เขต 13 กรุงเทพมหานคร,,หน่วยบริการในระบบหลักประกันสุขภาพแห่งชาติ,,,เอกชน,คลินิก (เอกชน)
5927,47638,,คลินิกเวชกรรมกล้วยน้ำไท สาขาเสรีไทย 41,,คลองกุ่ม,เขตบึงกุ่ม,,กรุงเทพฯ,เขต 13 กรุงเทพมหานคร,,หน่วยบริการในระบบหลักประกันสุขภาพแห่งชาติ,,,เอกชน,คลินิก (เอกชน)
5932,47759,,ดั๊คดีมาลคลินิกการเเพทย์แผนไทยประยุกต์,,บางบอน,เขตบางบอน,,กรุงเทพฯ,เขต 13 กรุงเทพมหานคร,,หน่วยบริการในระบบหลักประกันสุขภาพแห่งชาติ,,,เอกชน,คลินิก (เอกชน)
5933,47783,,ดับเบิลยู เอ็ม แล็บ คลินิกเทคนิคการแพทย์,,สายไหม,เขตสายไหม,,กรุงเทพฯ,เขต 13 กรุงเทพมหานคร,,หน่วยบริการในระบบหลักประกันสุขภาพแห่งชาติ,,,เอกชน,คลินิก (เอกชน)
5934,47796,,สไมล์ซิกเนเจอร์คลินิกทันตกรรม สาขาอเวนิวรัชโยธิน,,ลาดยาว,เขตจตุจักร,,กรุงเทพฯ,เขต 13 กรุงเทพมหานคร,,หน่วยบริการในระบบหลักประกันสุขภาพแห่งชาติ,,,เอกชน,คลินิก (เอกชน)
5942,48022,,คลินิกทันตกรรมบางกอกเดนทัลแคร์,,พระโขนงเหนือ,เขตวัฒนา,,กรุงเทพฯ,เขต 13 กรุงเทพมหานคร,,หน่วยบริการในระบบหลักประกันสุขภาพแห่งชาติ,,,เอกชน,คลินิก (เอกชน)
5943,48029,,คลินิกทันตกรรมบางกอกเดนทัลแคร์ สาขาบางจาก,,บางจาก,เขตพระโขนง,,กรุงเทพฯ,เขต 13 กรุงเทพมหานคร,,หน่วยบริการในระบบหลักประกันสุขภาพแห่งชาติ,,,เอกชน,คลินิก (เอกชน)
5944,48033,,คลินิกทันตกรรมคลาส สาขาโชคชัย 4,,วังทองหลาง,เขตวังทองหลาง,,กรุงเทพฯ,เขต 13 กรุงเทพมหานคร,,หน่วยบริการในระบบหลักประกันสุขภาพแห่งชาติ,,,เอกชน,คลินิก (เอกชน)
5947,48093,,คลินิกเวชกรรมรักประชา บางกระดี่,,แสมดำ,เขตบางขุนเทียน,,กรุงเทพฯ,เขต 13 กรุงเทพมหานคร,,หน่วยบริการในระบบหลักประกันสุขภาพแห่งชาติ,,,เอกชน,คลินิก (เอกชน)
5949,48163,,ไออุ่นธิยาสหคลินิก,,คลองสองต้นนุ่น,เขตลาดกระบัง,,กรุงเทพฯ,เขต 13 กรุงเทพมหานคร,,หน่วยบริการในระบบหลักประกันสุขภาพแห่งชาติ,,,เอกชน,คลินิก (เอกชน)
5952,48250,,คลินิกทันตกรรมพลัส สาขาแฟชั่นไอส์แลนด์,,คันนายาว,เขตคันนายาว,,กรุงเทพฯ,เขต 13 กรุงเทพมหานคร,,หน่วยบริการในระบบหลักประกันสุขภาพแห่งชาติ,,,เอกชน,คลินิก (เอกชน)
5957,48316,,ทรัพย์ทวีคลินิกเวชกรรม,,แสมดำ,เขตบางขุนเทียน,,กรุงเทพฯ,เขต 13 กรุงเทพมหานคร,,หน่วยบริการในระบบหลักประกันสุขภาพแห่งชาติ,,,เอกชน,คลินิก (เอกชน)
5958,48324,,มิสเตอร์บิ๊กสหคลินิก,,คลองตันเหนือ,เขตวัฒนา,,กรุงเทพฯ,เขต 13 กรุงเทพมหานคร,,หน่วยบริการในระบบหลักประกันสุขภาพแห่งชาติ,,,เอกชน,คลินิก (เอกชน)
5959,48340,,เอ็นเฮลท์คลินิกเทคนิคการแพทย์,,บางไผ่,เขตบางแค,,กรุงเทพฯ,เขต 13 กรุงเทพมหานคร,,หน่วยบริการในระบบหลักประกันสุขภาพแห่งชาติ,,,เอกชน,คลินิก (เอกชน)
5962,48428,,แอทวันวันคลินิกเวชกรรม,,วังทองหลาง,เขตวังทองหลาง,,กรุงเทพฯ,เขต 13 กรุงเทพมหานคร,,หน่วยบริการในระบบหลักประกันสุขภาพแห่งชาติ,,,เอกชน,คลินิก (เอกชน)
5963,48470,,คลินิกทันตกรรมบูทีคเดนทัล,,หัวหมาก,เขตบางกะปิ,,กรุงเทพฯ,เขต 13 กรุงเทพมหานคร,,หน่วยบริการในระบบหลักประกันสุขภาพแห่งชาติ,,,เอกชน,คลินิก (เอกชน)
5966,48521,,บี แอนด์ ที คลินิกกายภาพบำบัด,,สะพานสูง,เขตสะพานสูง,,กรุงเทพฯ,เขต 13 กรุงเทพมหานคร,,หน่วยบริการในระบบหลักประกันสุขภาพแห่งชาติ,,,เอกชน,คลินิก (เอกชน)
5969,48588,,คลินิกทันตกรรมเมกาสไมล์,,ดอกไม้,เขตประเวศ,,กรุงเทพฯ,เขต 13 กรุงเทพมหานคร,,หน่วยบริการในระบบหลักประกันสุขภาพแห่งชาติ,,,เอกชน,คลินิก (เอกชน)
5972,48620,,ครอสเวลเนสสหคลินิก,,คันนายาว,เขตคันนายาว,,กรุงเทพฯ,เขต 13 กรุงเทพมหานคร,,หน่วยบริการในระบบหลักประกันสุขภาพแห่งชาติ,,,เอกชน,คลินิก (เอกชน)
5978,48691,,รวมแพทย์เอกชัยไตเทียมคลินิกเวชกรรม,,คลองบางพราน,เขตบางบอน,,กรุงเทพฯ,เขต 13 กรุงเทพมหานคร,,หน่วยบริการในระบบหลักประกันสุขภาพแห่งชาติ,,,เอกชน,คลินิก (เอกชน)
5979,48703,,คลินิกทันตกรรมแฟมิลี่เดนท์,,บางนา,เขตบางนา,,กรุงเทพฯ,เขต 13 กรุงเทพมหานคร,,หน่วยบริการในระบบหลักประกันสุขภาพแห่งชาติ,,,เอกชน,คลินิก (เอกชน)
5982,48723,,คลินิกทันตกรรมคลาส,,หนองบอน,เขตประเวศ,,กรุงเทพฯ,เขต 13 กรุงเทพมหานคร,,หน่วยบริการในระบบหลักประกันสุขภาพแห่งชาติ,,,เอกชน,คลินิก (เอกชน)
5990,48830,,คลินิกทันตกรรมพีช,,ทุ่งวัดดอน,เขตสาทร,,กรุงเทพฯ,เขต 13 กรุงเทพมหานคร,,หน่วยบริการในระบบหลักประกันสุขภาพแห่งชาติ,,,เอกชน,คลินิก (เอกชน)
5998,48895,,คลินิกทันตกรรมบ้านรักยิ้ม,,หัวหมาก,เขตบางกะปิ,,กรุงเทพฯ,เขต 13 กรุงเทพมหานคร,,หน่วยบริการในระบบหลักประกันสุขภาพแห่งชาติ,,,เอกชน,คลินิก (เอกชน)
5999,48897,,ไลฟ์ไดแอ็กคลินิกเทคนิคการแพทย์,,คลองกุ่ม,เขตบึงกุ่ม,,กรุงเทพฯ,เขต 13 กรุงเทพมหานคร,,หน่วยบริการในระบบหลักประกันสุขภาพแห่งชาติ,,,เอกชน,คลินิก (เอกชน)
6003,48940,,คลินิกทันตกรรมโอเค,,คลองถนน,เขตสายไหม,,กรุงเทพฯ,เขต 13 กรุงเทพมหานคร,,หน่วยบริการในระบบหลักประกันสุขภาพแห่งชาติ,,,เอกชน,คลินิก (เอกชน)
6004,48942,,ดรีมคลินิกเทคนิคการแพทย์,,ราษฎร์พัฒนา,เขตสะพานสูง,,กรุงเทพฯ,เขต 13 กรุงเทพมหานคร,,หน่วยบริการในระบบหลักประกันสุขภาพแห่งชาติ,,,เอกชน,คลินิก (เอกชน)
6007,48954,,คลินิกทันตกรรมรัตตินันท์,,จรเข้บัว,เขตลาดพร้าว,,กรุงเทพฯ,เขต 13 กรุงเทพมหานคร,,หน่วยบริการในระบบหลักประกันสุขภาพแห่งชาติ,,,เอกชน,คลินิก (เอกชน)
6013,48975,,สิทธิรักษ์คลินิกเวชกรรม,,กระทุ่มราย,เขตหนองจอก,,กรุงเทพฯ,เขต 13 กรุงเทพมหานคร,,หน่วยบริการในระบบหลักประกันสุขภาพแห่งชาติ,,,เอกชน,คลินิก (เอกชน)
6018,49001,,คลินิกทันตกรรมบางกอกสไมล์,,หัวหมาก,เขตบางกะปิ,,กรุงเทพฯ,เขต 13 กรุงเทพมหานคร,,หน่วยบริการในระบบหลักประกันสุขภาพแห่งชาติ,,,เอกชน,คลินิก (เอกชน)
6019,49017,,ศูนย์ทันตกรรมจตุจักร คลินิกทันตกรรม,,สามเสนใน,เขตพญาไท,,กรุงเทพฯ,เขต 13 กรุงเทพมหานคร,,หน่วยบริการในระบบหลักประกันสุขภาพแห่งชาติ,,,เอกชน,คลินิก (เอกชน)
6020,49022,,คลินิกทันตกรรมหมอฟัน 71,,พระโขนงเหนือ,เขตวัฒนา,,กรุงเทพฯ,เขต 13 กรุงเทพมหานคร,,หน่วยบริการในระบบหลักประกันสุขภาพแห่งชาติ,,,เอกชน,คลินิก (เอกชน)
6025,49041,,เอช เอ บี คลินิกการแพทย์แผนไทย,,ทุ่งสองห้อง,เขตหลักสี่,,กรุงเทพฯ,เขต 13 กรุงเทพมหานคร,,หน่วยบริการในระบบหลักประกันสุขภาพแห่งชาติ,,,เอกชน,คลินิก (เอกชน)
6027,49047,,คลินิกทันตกรรมบุญชัยทันตแพทย์,,บางหว้า,เขตภาษีเจริญ,,กรุงเทพฯ,เขต 13 กรุงเทพมหานคร,,หน่วยบริการในระบบหลักประกันสุขภาพแห่งชาติ,,,เอกชน,คลินิก (เอกชน)
6029,49050,,อาสาวดีคลินิกการแพทย์แผนไทย การแพทย์แผนไทยประยุกต์,,วัดท่าพระ,เขตบางกอกใหญ่,,กรุงเทพฯ,เขต 13 กรุงเทพมหานคร,,หน่วยบริการในระบบหลักประกันสุขภาพแห่งชาติ,,,เอกชน,คลินิก (เอกชน)
6030,49051,,คลินิกทันตกรรมต้นไทรทันตแพทย์อิสรภาพ,,วัดอรุณ,เขตบางกอกใหญ่,,กรุงเทพฯ,เขต 13 กรุงเทพมหานคร,,หน่วยบริการในระบบหลักประกันสุขภาพแห่งชาติ,,,เอกชน,คลินิก (เอกชน)
6031,49065,,เวชสิทธาคลินิกการแพทย์แผนไทย,,ออเงิน,เขตสายไหม,,กรุงเทพฯ,เขต 13 กรุงเทพมหานคร,,หน่วยบริการในระบบหลักประกันสุขภาพแห่งชาติ,,,เอกชน,คลินิก (เอกชน)
6032,49067,,สิทธิรักษ์คลินิกเวชกรรม สาขา 2,,มีนบุรี,เขตมีนบุรี,,กรุงเทพฯ,เขต 13 กรุงเทพมหานคร,,หน่วยบริการในระบบหลักประกันสุขภาพแห่งชาติ,,,เอกชน,คลินิก (เอกชน)
6033,49071,,คลินิกทันตกรรมไตรเด็นท์,,คลองเจ้าคุณสิงห์,เขตวังทองหลาง,,กรุงเทพฯ,เขต 13 กรุงเทพมหานคร,,หน่วยบริการในระบบหลักประกันสุขภาพแห่งชาติ,,,เอกชน,คลินิก (เอกชน)
6038,49099,,คลินิกทันตกรรม ไดมอนด์,,อนุสาวรีย์,เขตบางเขน,,กรุงเทพฯ,เขต 13 กรุงเทพมหานคร,,หน่วยบริการในระบบหลักประกันสุขภาพแห่งชาติ,,,เอกชน,คลินิก (เอกชน)
6039,49100,,บ้านรัตนรัตนคลินิกการแพทย์แผนไทย,,แสนแสบ,เขตมีนบุรี,,กรุงเทพฯ,เขต 13 กรุงเทพมหานคร,,หน่วยบริการในระบบหลักประกันสุขภาพแห่งชาติ,,,เอกชน,คลินิก (เอกชน)
6042,49142,,คลินิกทันตกรรมดีซี เดนทัลโฮม สาขาบางรัก,,สีลม,เขตบางรัก,,กรุงเทพฯ,เขต 13 กรุงเทพมหานคร,,หน่วยบริการในระบบหลักประกันสุขภาพแห่งชาติ,,,เอกชน,คลินิก (เอกชน)
6044,49155,,ฟันดีคลินิกทันตกรรม,,คลองจั่น,เขตบางกะปิ,,กรุงเทพฯ,เขต 13 กรุงเทพมหานคร,,หน่วยบริการในระบบหลักประกันสุขภาพแห่งชาติ,,,เอกชน,คลินิก (เอกชน)
6046,49158,,คลินิกทันตกรรมซียู,,ลาดพร้าว,เขตลาดพร้าว,,กรุงเทพฯ,เขต 13 กรุงเทพมหานคร,,หน่วยบริการในระบบหลักประกันสุขภาพแห่งชาติ,,,เอกชน,คลินิก (เอกชน)
6047,49173,,เจริญคลินิกทันตกรรม,,บ้านช่างหล่อ,เขตบางกอกน้อย,,กรุงเทพฯ,เขต 13 กรุงเทพมหานคร,,หน่วยบริการในระบบหลักประกันสุขภาพแห่งชาติ,,,เอกชน,คลินิก (เอกชน)
6048,49175,,คลินิกทันตกรรมยิ้มฟันดี,,บางนา,เขตบางนา,,กรุงเทพฯ,เขต 13 กรุงเทพมหานคร,,หน่วยบริการในระบบหลักประกันสุขภาพแห่งชาติ,,,เอกชน,คลินิก (เอกชน)
6054,49265,, เอ็มยูคลินิกการเเพทย์แผนไทย,,อนุสาวรีย์,เขตบางเขน,,กรุงเทพฯ,เขต 13 กรุงเทพมหานคร,,หน่วยบริการในระบบหลักประกันสุขภาพแห่งชาติ,,,เอกชน,คลินิก (เอกชน)
6055,49272,,คลินิกทันตกรรมรักสุข,,ประเวศ,เขตประเวศ,,กรุงเทพฯ,เขต 13 กรุงเทพมหานคร,,หน่วยบริการในระบบหลักประกันสุขภาพแห่งชาติ,,,เอกชน,คลินิก (เอกชน)
6057,49282,,อุ่นไอรักคลินิกเวชกรรม สาขาคู้บอน,,รามอินทรา,เขตคันนายาว,,กรุงเทพฯ,เขต 13 กรุงเทพมหานคร,,หน่วยบริการในระบบหลักประกันสุขภาพแห่งชาติ,,,เอกชน,คลินิก (เอกชน)
6058,49284,,เมอรี่ทีชคลินิกทันตกรรม,,บางนา,เขตบางนา,,กรุงเทพฯ,เขต 13 กรุงเทพมหานคร,,หน่วยบริการในระบบหลักประกันสุขภาพแห่งชาติ,,,เอกชน,คลินิก (เอกชน)
6059,49307,,คลินิกทันตกรรมโบรส์,,บางนาใต้,เขตบางนา,,กรุงเทพฯ,เขต 13 กรุงเทพมหานคร,,หน่วยบริการในระบบหลักประกันสุขภาพแห่งชาติ,,,เอกชน,คลินิก (เอกชน)
6060,49320,,คลินิกทันตกรรมเฟิร์สสไมล์ สาขามิงเกิลฮิลล์ มีนบุรี,,มีนบุรี,เขตมีนบุรี,,กรุงเทพฯ,เขต 13 กรุงเทพมหานคร,,หน่วยบริการในระบบหลักประกันสุขภาพแห่งชาติ,,,เอกชน,คลินิก (เอกชน)
6061,49321,,คลินิกทันตกรรมเฟิร์สสไมล์ สาขาเดอะมอลล์ท่าพระ,,บุคคโล,เขตธนบุรี,,กรุงเทพฯ,เขต 13 กรุงเทพมหานคร,,หน่วยบริการในระบบหลักประกันสุขภาพแห่งชาติ,,,เอกชน,คลินิก (เอกชน)
6062,49332,,คลินิกทันตกรรมเสรีแฟมิลี่เดนตัลแคร์,,ประเวศ,เขตประเวศ,,กรุงเทพฯ,เขต 13 กรุงเทพมหานคร,,หน่วยบริการในระบบหลักประกันสุขภาพแห่งชาติ,,,เอกชน,คลินิก (เอกชน)
6063,49334,,คลินิกทันตกรรมสรัญญา,,หนองบอน,เขตประเวศ,,กรุงเทพฯ,เขต 13 กรุงเทพมหานคร,,หน่วยบริการในระบบหลักประกันสุขภาพแห่งชาติ,,,เอกชน,คลินิก (เอกชน)
6064,49337,,คลินิกทันตกรรมอะไลฟ์,,บางชัน,เขตคลองสามวา,,กรุงเทพฯ,เขต 13 กรุงเทพมหานคร,,หน่วยบริการในระบบหลักประกันสุขภาพแห่งชาติ,,,เอกชน,คลินิก (เอกชน)
6069,49411,,รัตนชาติสยามคลินิกการแพทย์แผนไทย,,ท่าแร้ง,เขตบางเขน,,กรุงเทพฯ,เขต 13 กรุงเทพมหานคร,,หน่วยบริการในระบบหลักประกันสุขภาพแห่งชาติ,,,เอกชน,คลินิก (เอกชน)
6070,49414,,คลินิกทันตกรรมแมกไม้,,สายไหม,เขตสายไหม,,กรุงเทพฯ,เขต 13 กรุงเทพมหานคร,,หน่วยบริการในระบบหลักประกันสุขภาพแห่งชาติ,,,เอกชน,คลินิก (เอกชน)
6071,49415,,แพทย์อายุรเวทคลินิกการแพทย์แผนไทยประยุกต์,,หนองบอน,เขตประเวศ,,กรุงเทพฯ,เขต 13 กรุงเทพมหานคร,,หน่วยบริการในระบบหลักประกันสุขภาพแห่งชาติ,,,เอกชน,คลินิก (เอกชน)
6072,49428,,คลินิกทันตกรรมเด็นทัลไทม์ สาขาข้าวสาร,,ชนะสงคราม,เขตพระนคร,,กรุงเทพฯ,เขต 13 กรุงเทพมหานคร,,หน่วยบริการในระบบหลักประกันสุขภาพแห่งชาติ,,,เอกชน,คลินิก (เอกชน)
6073,49458,,สไมล์เมทแอ็ทแพลทฟอร์มคลินิกทันตกรรม,,สมเด็จเจ้าพระยา,เขตคลองสาน,,กรุงเทพฯ,เขต 13 กรุงเทพมหานคร,,หน่วยบริการในระบบหลักประกันสุขภาพแห่งชาติ,,,เอกชน,คลินิก (เอกชน)
6076,49481,,คลินิกทันตกรรมบ้านหมอปิ๋ม,,บางขุนนนท์,เขตบางกอกน้อย,,กรุงเทพฯ,เขต 13 กรุงเทพมหานคร,,หน่วยบริการในระบบหลักประกันสุขภาพแห่งชาติ,,,เอกชน,คลินิก (เอกชน)
6077,49501,,ศรีเจริญคลินิกการแพทย์แผนไทย,,สีกัน,เขตดอนเมือง,,กรุงเทพฯ,เขต 13 กรุงเทพมหานคร,,หน่วยบริการในระบบหลักประกันสุขภาพแห่งชาติ,,,เอกชน,คลินิก (เอกชน)
6080,49556,,กรุงเทพคลินิกการพยาบาลและการผดุงครรภ์,,หัวหมาก,เขตบางกะปิ,,กรุงเทพฯ,เขต 13 กรุงเทพมหานคร,,หน่วยบริการในระบบหลักประกันสุขภาพแห่งชาติ,,,เอกชน,คลินิก (เอกชน)
6081,49572,,เมธาวดีคลินิกเวชกรรม,,บางไผ่,เขตบางแค,,กรุงเทพฯ,เขต 13 กรุงเทพมหานคร,,หน่วยบริการในระบบหลักประกันสุขภาพแห่งชาติ,,,เอกชน,คลินิก (เอกชน)
6084,49626,,คลินิกทันตกรรมบ้านทันตแพทย์,,หัวหมาก,เขตบางกะปิ,,กรุงเทพฯ,เขต 13 กรุงเทพมหานคร,,หน่วยบริการในระบบหลักประกันสุขภาพแห่งชาติ,,,เอกชน,คลินิก (เอกชน)
6088,49669,,คลินิกการแพทย์แผนไทยกัญชรัชต์,,บางบอนเหนือ,เขตบางบอน,,กรุงเทพฯ,เขต 13 กรุงเทพมหานคร,,หน่วยบริการในระบบหลักประกันสุขภาพแห่งชาติ,,,เอกชน,คลินิก (เอกชน)
6091,49681,,คลินิกเวชกรรมเคดี เคซี เทอดไท,,ปากคลองภาษีเจริญ,เขตภาษีเจริญ,,กรุงเทพฯ,เขต 13 กรุงเทพมหานคร,,หน่วยบริการในระบบหลักประกันสุขภาพแห่งชาติ,,,เอกชน,คลินิก (เอกชน)
6092,49686,,คลินิกทันตกรรมคู้บอน,,รามอินทรา,เขตคันนายาว,,กรุงเทพฯ,เขต 13 กรุงเทพมหานคร,,หน่วยบริการในระบบหลักประกันสุขภาพแห่งชาติ,,,เอกชน,คลินิก (เอกชน)
6093,49709,,คลินิกทันตกรรมสไมล์ซีซันส์ สาขาอ่อนนุช,,พระโขนงเหนือ,เขตวัฒนา,,กรุงเทพฯ,เขต 13 กรุงเทพมหานคร,,หน่วยบริการในระบบหลักประกันสุขภาพแห่งชาติ,,,เอกชน,คลินิก (เอกชน)
6095,49735,,ศิริลักษณ์ทันตแพทย์คลินิกทันตกรรม,,คลองมหานาค,เขตป้อมปราบศัตรูพ่าย,,กรุงเทพฯ,เขต 13 กรุงเทพมหานคร,,หน่วยบริการในระบบหลักประกันสุขภาพแห่งชาติ,,,เอกชน,คลินิก (เอกชน)
6098,49823,,คลินิกทันตกรรมคู้ทส์,,คลองถนน,เขตสายไหม,,กรุงเทพฯ,เขต 13 กรุงเทพมหานคร,,หน่วยบริการในระบบหลักประกันสุขภาพแห่งชาติ,,,เอกชน,คลินิก (เอกชน)
6099,49858,,เอสซีรีเจนเนอเรทีฟสหคลินิก,,ฉิมพลี,เขตตลิ่งชัน,,กรุงเทพฯ,เขต 13 กรุงเทพมหานคร,,หน่วยบริการในระบบหลักประกันสุขภาพแห่งชาติ,,,เอกชน,คลินิก (เอกชน)
6104,49996,,คลินิกทันตกรรมเอซีสายไหมเดนทัลโฮม,,สายไหม,เขตสายไหม,,กรุงเทพฯ,เขต 13 กรุงเทพมหานคร,,หน่วยบริการในระบบหลักประกันสุขภาพแห่งชาติ,,,เอกชน,คลินิก (เอกชน)
6105,49998,,สไมล์ซิกเนเจอร์คลินิกทันตกรรม สาขาสุขุมวิท 77,,สวนหลวง,เขตสวนหลวง,,กรุงเทพฯ,เขต 13 กรุงเทพมหานคร,,หน่วยบริการในระบบหลักประกันสุขภาพแห่งชาติ,,,เอกชน,คลินิก (เอกชน)
6106,49999,,คลินิกการแพทย์แผนไทยภากมล,,บางแคเหนือ,เขตบางแค,,กรุงเทพฯ,เขต 13 กรุงเทพมหานคร,,หน่วยบริการในระบบหลักประกันสุขภาพแห่งชาติ,,,เอกชน,คลินิก (เอกชน)
6110,51131,,วิชัยเวชแยกไฟฉายสหคลินิก,,บ้านช่างหล่อ,เขตบางกอกน้อย,,กรุงเทพฯ,เขต 13 กรุงเทพมหานคร,,หน่วยบริการในระบบหลักประกันสุขภาพแห่งชาติ,,,เอกชน,คลินิก (เอกชน)
6111,51170,,คลินิกทันตกรรมจัสท์สมายล์,,หนองค้างพลู,เขตหนองแขม,,กรุงเทพฯ,เขต 13 กรุงเทพมหานคร,,หน่วยบริการในระบบหลักประกันสุขภาพแห่งชาติ,,,เอกชน,คลินิก (เอกชน)
6113,51192,,คลินิกทันตกรรมแฮปปี้ไทม์,,พลับพลา,เขตวังทองหลาง,,กรุงเทพฯ,เขต 13 กรุงเทพมหานคร,,หน่วยบริการในระบบหลักประกันสุขภาพแห่งชาติ,,,เอกชน,คลินิก (เอกชน)
6114,51193,,คลินิกเวชกรรมไตรคุณ,,ลาดยาว,เขตจตุจักร,,กรุงเทพฯ,เขต 13 กรุงเทพมหานคร,,หน่วยบริการในระบบหลักประกันสุขภาพแห่งชาติ,,,เอกชน,คลินิก (เอกชน)
6115,51213,,คลินิกทันตกรรมมิสเตอร์สไมล์,,หิรัญรูจี,เขตธนบุรี,,กรุงเทพฯ,เขต 13 กรุงเทพมหานคร,,หน่วยบริการในระบบหลักประกันสุขภาพแห่งชาติ,,,เอกชน,คลินิก (เอกชน)
6117,51225,,แฮปปี้แลนด์คลินิกทันตกรรม,,คลองจั่น,เขตบางกะปิ,,กรุงเทพฯ,เขต 13 กรุงเทพมหานคร,,หน่วยบริการในระบบหลักประกันสุขภาพแห่งชาติ,,,เอกชน,คลินิก (เอกชน)
6118,51251,,บ้านผ่อนคลายคลินิกการแพทย์แผนไทย,,แสนแสบ,เขตมีนบุรี,,กรุงเทพฯ,เขต 13 กรุงเทพมหานคร,,หน่วยบริการในระบบหลักประกันสุขภาพแห่งชาติ,,,เอกชน,คลินิก (เอกชน)
6119,51257,,คลินิกทันตกรรมพลัส สาขาเทอร์มินอล พระราม 3,,บางโคล่,เขตบางคอแหลม,,กรุงเทพฯ,เขต 13 กรุงเทพมหานคร,,หน่วยบริการในระบบหลักประกันสุขภาพแห่งชาติ,,,เอกชน,คลินิก (เอกชน)
6120,51261,,เฮลตี้ทีธคลินิกทันตกรรม,,หัวหมาก,เขตบางกะปิ,,กรุงเทพฯ,เขต 13 กรุงเทพมหานคร,,หน่วยบริการในระบบหลักประกันสุขภาพแห่งชาติ,,,เอกชน,คลินิก (เอกชน)
6123,51278,,สไมล์ซิกเนเจอร์คลินิกทันตกรรม สาขาซีคอนศรีนครินทร์,,หนองบอน,เขตประเวศ,,กรุงเทพฯ,เขต 13 กรุงเทพมหานคร,,หน่วยบริการในระบบหลักประกันสุขภาพแห่งชาติ,,,เอกชน,คลินิก (เอกชน)
6124,51301,,อุ่นเรือนคลินิกการแพทย์แผนไทยประยุกต์,,บางระมาด,เขตตลิ่งชัน,,กรุงเทพฯ,เขต 13 กรุงเทพมหานคร,,หน่วยบริการในระบบหลักประกันสุขภาพแห่งชาติ,,,เอกชน,คลินิก (เอกชน)
6126,51348,,พีบีเอส สหคลินิก,,บางแคเหนือ,เขตบางแค,,กรุงเทพฯ,เขต 13 กรุงเทพมหานคร,,หน่วยบริการในระบบหลักประกันสุขภาพแห่งชาติ,,,เอกชน,คลินิก (เอกชน)
6128,51427,,ชนัดดาอายุระคลินิกการแพทย์แผนไทย,,ดอกไม้,เขตประเวศ,,กรุงเทพฯ,เขต 13 กรุงเทพมหานคร,,หน่วยบริการในระบบหลักประกันสุขภาพแห่งชาติ,,,เอกชน,คลินิก (เอกชน)
6130,51488,,คลินิกทันตกรรมสไมล์เวิร์ค,,ถนนพญาไท,เขตราชเทวี,,กรุงเทพฯ,เขต 13 กรุงเทพมหานคร,,หน่วยบริการในระบบหลักประกันสุขภาพแห่งชาติ,,,เอกชน,คลินิก (เอกชน)
6133,51569,,เดนทัลทูมอร์โรว์คลินิกทันตกรรม,,ลาดยาว,เขตจตุจักร,,กรุงเทพฯ,เขต 13 กรุงเทพมหานคร,,หน่วยบริการในระบบหลักประกันสุขภาพแห่งชาติ,,,เอกชน,คลินิก (เอกชน)
6134,51600,,ภูริชาคลินิกการแพทย์แผนไทย,,บางชัน,เขตคลองสามวา,,กรุงเทพฯ,เขต 13 กรุงเทพมหานคร,,หน่วยบริการในระบบหลักประกันสุขภาพแห่งชาติ,,,เอกชน,คลินิก (เอกชน)
6136,51639,,เดนทัลทูมอร์โรว์คลินิกทันตกรรม สาขาสะพานใหม่,,อนุสาวรีย์,เขตบางเขน,,กรุงเทพฯ,เขต 13 กรุงเทพมหานคร,,หน่วยบริการในระบบหลักประกันสุขภาพแห่งชาติ,,,เอกชน,คลินิก (เอกชน)
6138,51701,,โรงพยาบาลทั่วไปขนาดเล็กกล้วยน้ำไท 3,,บางนาเหนือ,เขตบางนา,,กรุงเทพฯ,เขต 13 กรุงเทพมหานคร,,หน่วยบริการในระบบหลักประกันสุขภาพแห่งชาติ,,,เอกชน,โรงพยาบาล (เอกชน)
6139,51705,,คลินิกทันตกรรมเกษม,,สะพานสอง,เขตวังทองหลาง,,กรุงเทพฯ,เขต 13 กรุงเทพมหานคร,,หน่วยบริการในระบบหลักประกันสุขภาพแห่งชาติ,,,เอกชน,คลินิก (เอกชน)
6149,51808,,คลินิกเฉพาะทางด้านเวชกรรมโรคไตเคดี เคซี สาขาเจริญกรุง,,บางคอแหลม,เขตบางคอแหลม,,กรุงเทพฯ,เขต 13 กรุงเทพมหานคร,,หน่วยบริการในระบบหลักประกันสุขภาพแห่งชาติ,,,เอกชน,คลินิก (เอกชน)
6150,51809,,คลินิกเวชกรรมเคดีเคซี,,บางคอแหลม,เขตบางคอแหลม,,กรุงเทพฯ,เขต 13 กรุงเทพมหานคร,,หน่วยบริการในระบบหลักประกันสุขภาพแห่งชาติ,,,เอกชน,คลินิก (เอกชน)
6152,51823,,คลินิกทันตกรรมวินัยทันตแพทย์,,มักกะสัน,เขตราชเทวี,,กรุงเทพฯ,เขต 13 กรุงเทพมหานคร,,หน่วยบริการในระบบหลักประกันสุขภาพแห่งชาติ,,,เอกชน,คลินิก (เอกชน)
6155,51843,,คลินิกทันตกรรม วี เด็นทิส,,บางจาก,เขตพระโขนง,,กรุงเทพฯ,เขต 13 กรุงเทพมหานคร,,หน่วยบริการในระบบหลักประกันสุขภาพแห่งชาติ,,,เอกชน,คลินิก (เอกชน)
6158,51888,,ดำรงค์-เพ็ญประภา คลินิกทันตกรรม,,ช่องนนทรี,เขตยานนาวา,,กรุงเทพฯ,เขต 13 กรุงเทพมหานคร,,หน่วยบริการในระบบหลักประกันสุขภาพแห่งชาติ,,,เอกชน,คลินิก (เอกชน)
6159,51892,,คลินิกทันตกรรมชิว,,พลับพลา,เขตวังทองหลาง,,กรุงเทพฯ,เขต 13 กรุงเทพมหานคร,,หน่วยบริการในระบบหลักประกันสุขภาพแห่งชาติ,,,เอกชน,คลินิก (เอกชน)
6160,51932,,สหคลินิกโพธิ์พิศาลการแพทย์แผนไทย-จีน,,บางอ้อ,เขตบางพลัด,,กรุงเทพฯ,เขต 13 กรุงเทพมหานคร,,หน่วยบริการในระบบหลักประกันสุขภาพแห่งชาติ,,,เอกชน,คลินิก (เอกชน)
6161,51960,,คลินิกทันตกรรมบูม,,มีนบุรี,เขตมีนบุรี,,กรุงเทพฯ,เขต 13 กรุงเทพมหานคร,,หน่วยบริการในระบบหลักประกันสุขภาพแห่งชาติ,,,เอกชน,คลินิก (เอกชน)
6162,51967,,ทัช คลินิกเวชกรรม,,ห้วยขวาง,เขตห้วยขวาง,,กรุงเทพฯ,เขต 13 กรุงเทพมหานคร,,หน่วยบริการในระบบหลักประกันสุขภาพแห่งชาติ,,,เอกชน,คลินิก (เอกชน)
6164,52009,,ปภากรคลินิกการพยาบาลและการผดุงครรภ์,,ยานนาวา,เขตสาทร,,กรุงเทพฯ,เขต 13 กรุงเทพมหานคร,,หน่วยบริการในระบบหลักประกันสุขภาพแห่งชาติ,,,เอกชน,คลินิก (เอกชน)
6167,52028,,พร้อมดูแลคลินิกเวชกรรม,,ศาลาธรรมสพน์,เขตทวีวัฒนา,,กรุงเทพฯ,เขต 13 กรุงเทพมหานคร,,หน่วยบริการในระบบหลักประกันสุขภาพแห่งชาติ,,,เอกชน,คลินิก (เอกชน)
6172,52166,,บ้านแสนสุขคลินิกเวชกรรม สาขาจอมทอง,,จอมทอง,เขตจอมทอง,,กรุงเทพฯ,เขต 13 กรุงเทพมหานคร,,หน่วยบริการในระบบหลักประกันสุขภาพแห่งชาติ,,,เอกชน,คลินิก (เอกชน)
6173,52171,,วีแคร์ คลินิกเวชกรรม,,ช่องนนทรี,เขตยานนาวา,,กรุงเทพฯ,เขต 13 กรุงเทพมหานคร,,หน่วยบริการในระบบหลักประกันสุขภาพแห่งชาติ,,,เอกชน,คลินิก (เอกชน)
6174,52182,,มิเนะคลินิกกายภาพบำบัด,,เสนานิคม,เขตจตุจักร,,กรุงเทพฯ,เขต 13 กรุงเทพมหานคร,,หน่วยบริการในระบบหลักประกันสุขภาพแห่งชาติ,,,เอกชน,คลินิก (เอกชน)
6175,52223,,นิยตา คลินิกเวชกรรม,,มีนบุรี,เขตมีนบุรี,,กรุงเทพฯ,เขต 13 กรุงเทพมหานคร,,หน่วยบริการในระบบหลักประกันสุขภาพแห่งชาติ,,,เอกชน,คลินิก (เอกชน)
6176,52273,,คลินิกทันตกรรมไคนด์แอนด์แคร์,,บางแคเหนือ,เขตบางแค,,กรุงเทพฯ,เขต 13 กรุงเทพมหานคร,,หน่วยบริการในระบบหลักประกันสุขภาพแห่งชาติ,,,เอกชน,คลินิก (เอกชน)
6177,52289,,คลินิกทันตกรรมฟอร์จูน,,กระทุ่มราย,เขตหนองจอก,,กรุงเทพฯ,เขต 13 กรุงเทพมหานคร,,หน่วยบริการในระบบหลักประกันสุขภาพแห่งชาติ,,,เอกชน,คลินิก (เอกชน)
6178,52319,,สหคลินิกวีวาดีไลท์,,บางชัน,เขตคลองสามวา,,กรุงเทพฯ,เขต 13 กรุงเทพมหานคร,,หน่วยบริการในระบบหลักประกันสุขภาพแห่งชาติ,,,เอกชน,คลินิก (เอกชน)
6180,52366,,คลินิกทันตกรรมเซตสไมล์,,บางจาก,เขตพระโขนง,,กรุงเทพฯ,เขต 13 กรุงเทพมหานคร,,หน่วยบริการในระบบหลักประกันสุขภาพแห่งชาติ,,,เอกชน,คลินิก (เอกชน)
6181,52369,,ณรัชภรณ์ คลินิกเวชกรรม,,สีกัน,เขตดอนเมือง,,กรุงเทพฯ,เขต 13 กรุงเทพมหานคร,,หน่วยบริการในระบบหลักประกันสุขภาพแห่งชาติ,,,เอกชน,คลินิก (เอกชน)
6182,52401,,รักษ์สุขภาพซอยอารีย์คลินิกเวชกรรม,,จอมทอง,เขตจอมทอง,,กรุงเทพฯ,เขต 13 กรุงเทพมหานคร,,หน่วยบริการในระบบหลักประกันสุขภาพแห่งชาติ,,,เอกชน,คลินิก (เอกชน)
6183,52402,,รักษ์สุขภาพประชาอุทิศคลินิกเวชกรรม,,ทุ่งครุ,เขตทุ่งครุ,,กรุงเทพฯ,เขต 13 กรุงเทพมหานคร,,หน่วยบริการในระบบหลักประกันสุขภาพแห่งชาติ,,,เอกชน,คลินิก (เอกชน)
6186,52429,,จันทร์เพ็ญคลินิกการพยาบาลและการผดุงครรภ์,,คลองขวาง,เขตภาษีเจริญ,,กรุงเทพฯ,เขต 13 กรุงเทพมหานคร,,หน่วยบริการในระบบหลักประกันสุขภาพแห่งชาติ,,,เอกชน,คลินิก (เอกชน)
6188,52490,,รักษ์สุขภาพกำนันแม้นคลินิกเวชกรรม,,บางขุนเทียน,เขตจอมทอง,,กรุงเทพฯ,เขต 13 กรุงเทพมหานคร,,หน่วยบริการในระบบหลักประกันสุขภาพแห่งชาติ,,,เอกชน,คลินิก (เอกชน)
6190,52502,,บ้านรักษ์ สหคลินิก,,บางลำภูล่าง,เขตคลองสาน,,กรุงเทพฯ,เขต 13 กรุงเทพมหานคร,,หน่วยบริการในระบบหลักประกันสุขภาพแห่งชาติ,,,เอกชน,คลินิก (เอกชน)
6191,52505,,เออร์โกฟิกซ์สหคลินิก เวชศาสตร์ฟื้นฟูและกายภาพบำบัด,,สามเสนใน,เขตพญาไท,,กรุงเทพฯ,เขต 13 กรุงเทพมหานคร,,หน่วยบริการในระบบหลักประกันสุขภาพแห่งชาติ,,,เอกชน,คลินิก (เอกชน)
6193,52555,,กรวิกรานต์คลินิกการพยาบาลและการผดุงครรภ์,,บางบอนเหนือ,เขตบางบอน,,กรุงเทพฯ,เขต 13 กรุงเทพมหานคร,,หน่วยบริการในระบบหลักประกันสุขภาพแห่งชาติ,,,เอกชน,คลินิก (เอกชน)
6195,52594,,สหคลินิก ศรีสมโภชน์ รัตนโกสินทร์,,สายไหม,เขตสายไหม,,กรุงเทพฯ,เขต 13 กรุงเทพมหานคร,,หน่วยบริการในระบบหลักประกันสุขภาพแห่งชาติ,,,เอกชน,คลินิก (เอกชน)
6196,52609,,รีบอร์นคลินิกกายภาพบำบัด,,ท่าข้าม,เขตบางขุนเทียน,,กรุงเทพฯ,เขต 13 กรุงเทพมหานคร,,หน่วยบริการในระบบหลักประกันสุขภาพแห่งชาติ,,,เอกชน,คลินิก (เอกชน)
6197,52630,,สวิงสีลม สหคลินิก,,สุริยวงศ์,เขตบางรัก,,กรุงเทพฯ,เขต 13 กรุงเทพมหานคร,,หน่วยบริการในระบบหลักประกันสุขภาพแห่งชาติ,,,เอกชน,คลินิก (เอกชน)
6199,52797,,คลินิกทันตกรรมเพิร์ลลี่ไวท์,,อนุสาวรีย์,เขตบางเขน,,กรุงเทพฯ,เขต 13 กรุงเทพมหานคร,,หน่วยบริการในระบบหลักประกันสุขภาพแห่งชาติ,,,เอกชน,คลินิก (เอกชน)
6200,52816,,คลินิกทันตกรรมพลัส สาขาเดอะมอลล์บางกะปิ,,คลองจั่น,เขตบางกะปิ,,กรุงเทพฯ,เขต 13 กรุงเทพมหานคร,,หน่วยบริการในระบบหลักประกันสุขภาพแห่งชาติ,,,เอกชน,คลินิก (เอกชน)
6201,52845,,คลินิกทันตกรรมบ้าน ฟ.ฟัน,,บางจาก,เขตพระโขนง,,กรุงเทพฯ,เขต 13 กรุงเทพมหานคร,,หน่วยบริการในระบบหลักประกันสุขภาพแห่งชาติ,,,เอกชน,คลินิก (เอกชน)
6203,52949,,สหคลินิก เมตตาสุข,,บางแวก,เขตภาษีเจริญ,,กรุงเทพฯ,เขต 13 กรุงเทพมหานคร,,หน่วยบริการในระบบหลักประกันสุขภาพแห่งชาติ,,,เอกชน,คลินิก (เอกชน)
6205,52961,,คลินิกทันตกรรมยัวร์สไมล์ เสนานิคม,,ลาดยาว,เขตจตุจักร,,กรุงเทพฯ,เขต 13 กรุงเทพมหานคร,,หน่วยบริการในระบบหลักประกันสุขภาพแห่งชาติ,,,เอกชน,คลินิก (เอกชน)
6209,53040,,ซังฮี้ คลินิกเวชกรรม,,บางบำหรุ,เขตบางพลัด,,กรุงเทพฯ,เขต 13 กรุงเทพมหานคร,,หน่วยบริการในระบบหลักประกันสุขภาพแห่งชาติ,,,เอกชน,คลินิก (เอกชน)
6211,53062,,สุภาพโอสถสหคลินิก,,บางโพงพาง,เขตยานนาวา,,กรุงเทพฯ,เขต 13 กรุงเทพมหานคร,,หน่วยบริการในระบบหลักประกันสุขภาพแห่งชาติ,,,เอกชน,คลินิก (เอกชน)
6214,53070,,คลินิกทันตกรรมโอล่าเดนทัลโฮม,,บางมด,เขตทุ่งครุ,,กรุงเทพฯ,เขต 13 กรุงเทพมหานคร,,หน่วยบริการในระบบหลักประกันสุขภาพแห่งชาติ,,,เอกชน,คลินิก (เอกชน)
6215,53075,,คลินิกทันตกรรมสยามสไมล์,,ทุ่งสองห้อง,เขตหลักสี่,,กรุงเทพฯ,เขต 13 กรุงเทพมหานคร,,หน่วยบริการในระบบหลักประกันสุขภาพแห่งชาติ,,,เอกชน,คลินิก (เอกชน)
6219,53150,,สหคลินิก เรือนไทย สำเหร่,,สำเหร่,เขตธนบุรี,,กรุงเทพฯ,เขต 13 กรุงเทพมหานคร,,หน่วยบริการในระบบหลักประกันสุขภาพแห่งชาติ,,,เอกชน,คลินิก (เอกชน)
6220,53151,,ราชพฤกษ์กรุงธนคลินิกเวชกรรม,,ดาวคะนอง,เขตธนบุรี,,กรุงเทพฯ,เขต 13 กรุงเทพมหานคร,,หน่วยบริการในระบบหลักประกันสุขภาพแห่งชาติ,,,เอกชน,คลินิก (เอกชน)
6225,53212,,มิตรอมรคลินิกเวชกรรม,,แสมดำ,เขตบางขุนเทียน,,กรุงเทพฯ,เขต 13 กรุงเทพมหานคร,,หน่วยบริการในระบบหลักประกันสุขภาพแห่งชาติ,,,เอกชน,คลินิก (เอกชน)
6228,53227,,อรวรรณคลินิกการพยาบาลและการผดุงครรภ์,,บางหว้า,เขตภาษีเจริญ,,กรุงเทพฯ,เขต 13 กรุงเทพมหานคร,,หน่วยบริการในระบบหลักประกันสุขภาพแห่งชาติ,,,เอกชน,คลินิก (เอกชน)
6229,53261,,หทัยราษฎร์39 สุขภาพดีคลินิกเวชกรรม,,สามวาตะวันตก,เขตคลองสามวา,,กรุงเทพฯ,เขต 13 กรุงเทพมหานคร,,หน่วยบริการในระบบหลักประกันสุขภาพแห่งชาติ,,,เอกชน,คลินิก (เอกชน)
6230,53262,,ฉลองกรุง สุขภาพดี คลินิกเวชกรรม,,ลำผักชี,เขตหนองจอก,,กรุงเทพฯ,เขต 13 กรุงเทพมหานคร,,หน่วยบริการในระบบหลักประกันสุขภาพแห่งชาติ,,,เอกชน,คลินิก (เอกชน)
6232,53267,,คลินิกเวชกรรมมีสุข,,พัฒนาการ,เขตสวนหลวง,,กรุงเทพฯ,เขต 13 กรุงเทพมหานคร,,หน่วยบริการในระบบหลักประกันสุขภาพแห่งชาติ,,,เอกชน,คลินิก (เอกชน)
6234,53284,,คลินิกเฉพาะทางด้านทันตกรรมสไมล์เฮาส์,,สวนหลวง,เขตสวนหลวง,,กรุงเทพฯ,เขต 13 กรุงเทพมหานคร,,หน่วยบริการในระบบหลักประกันสุขภาพแห่งชาติ,,,เอกชน,คลินิก (เอกชน)
6237,53359,,ธรรมพิชญาคลินิกเวชกรรม สาขาโพธิ์แก้ว,,คลองจั่น,เขตบางกะปิ,,กรุงเทพฯ,เขต 13 กรุงเทพมหานคร,,หน่วยบริการในระบบหลักประกันสุขภาพแห่งชาติ,,,เอกชน,คลินิก (เอกชน)
6238,53368,,คลินิกทันตกรรมบ้านฟันดี สาขาสายไหม,,สายไหม,เขตสายไหม,,กรุงเทพฯ,เขต 13 กรุงเทพมหานคร,,หน่วยบริการในระบบหลักประกันสุขภาพแห่งชาติ,,,เอกชน,คลินิก (เอกชน)
6241,53474,,คลินิกทันตกรรมพระยาสุเรนทร์ทันตแพทย์,,บางชัน,เขตคลองสามวา,,กรุงเทพฯ,เขต 13 กรุงเทพมหานคร,,หน่วยบริการในระบบหลักประกันสุขภาพแห่งชาติ,,,เอกชน,คลินิก (เอกชน)
6244,53536,,คลินิกทันตกรรมโฮมมี่,,ประเวศ,เขตประเวศ,,กรุงเทพฯ,เขต 13 กรุงเทพมหานคร,,หน่วยบริการในระบบหลักประกันสุขภาพแห่งชาติ,,,เอกชน,คลินิก (เอกชน)
6246,53567,,คณะทันตแพทยศาสตร์ สถาบันเทคโนโลยีพระจอมเกล้าเจ้าคุณทหารลาดกระบัง,,ลำปลาทิว,เขตลาดกระบัง,,กรุงเทพฯ,เขต 13 กรุงเทพมหานคร,,หน่วยบริการในระบบหลักประกันสุขภาพแห่งชาติ,,,รัฐนอก สธ.,สังกัดกระทรวงการอุดมศึกษา วิทยาศาสตร์ วิจัยและนวัตกรรม
6247,53578,,เคดีคลินิกการแพทย์แผนไทยประยุกต์,,หลักสอง,เขตบางแค,,กรุงเทพฯ,เขต 13 กรุงเทพมหานคร,,หน่วยบริการในระบบหลักประกันสุขภาพแห่งชาติ,,,เอกชน,คลินิก (เอกชน)
6248,53581,,คลินิกทันตกรรมธัชสราเด็นตัลเซ็นเตอร์,,พระโขนงเหนือ,เขตวัฒนา,,กรุงเทพฯ,เขต 13 กรุงเทพมหานคร,,หน่วยบริการในระบบหลักประกันสุขภาพแห่งชาติ,,,เอกชน,คลินิก (เอกชน)
6249,53595,,ริโค้ รีแฮบ คลินิกกายภาพบำบัด,,จันทรเกษม,เขตจตุจักร,,กรุงเทพฯ,เขต 13 กรุงเทพมหานคร,,หน่วยบริการในระบบหลักประกันสุขภาพแห่งชาติ,,,เอกชน,คลินิก (เอกชน)
6251,53654,,พีเอ็นเคคลินิกเวชกรรม,,ดอกไม้,เขตประเวศ,,กรุงเทพฯ,เขต 13 กรุงเทพมหานคร,,หน่วยบริการในระบบหลักประกันสุขภาพแห่งชาติ,,,เอกชน,คลินิก (เอกชน)
6254,53700,,สายหยุดสหคลินิก,,อนุสาวรีย์,เขตบางเขน,,กรุงเทพฯ,เขต 13 กรุงเทพมหานคร,,หน่วยบริการในระบบหลักประกันสุขภาพแห่งชาติ,,,เอกชน,คลินิก (เอกชน)
6255,53703,,คลินิกทันตกรรมดีไลท์,,บางชัน,เขตคลองสามวา,,กรุงเทพฯ,เขต 13 กรุงเทพมหานคร,,หน่วยบริการในระบบหลักประกันสุขภาพแห่งชาติ,,,เอกชน,คลินิก (เอกชน)
6256,53732,,ชิสาคลินิกเวชกรรม,,บางซื่อ,เขตบางซื่อ,,กรุงเทพฯ,เขต 13 กรุงเทพมหานคร,,หน่วยบริการในระบบหลักประกันสุขภาพแห่งชาติ,,,เอกชน,คลินิก (เอกชน)
6257,53798,,สหคลินิก เวลเนส พลัส,,วังใหม่,เขตปทุมวัน,,กรุงเทพฯ,เขต 13 กรุงเทพมหานคร,,หน่วยบริการในระบบหลักประกันสุขภาพแห่งชาติ,,,เอกชน,คลินิก (เอกชน)
6258,53799,,ทีสไมล์คลินิกทันตกรรม,,หนองแขม,เขตหนองแขม,,กรุงเทพฯ,เขต 13 กรุงเทพมหานคร,,หน่วยบริการในระบบหลักประกันสุขภาพแห่งชาติ,,,เอกชน,คลินิก (เอกชน)
6259,53801,,เดอแคร์ฟิสิโอ สหคลินิก,,บางนาใต้,เขตบางนา,,กรุงเทพฯ,เขต 13 กรุงเทพมหานคร,,หน่วยบริการในระบบหลักประกันสุขภาพแห่งชาติ,,,เอกชน,คลินิก (เอกชน)
6260,53812,,คลินิกเวชกรรมเทียนทะเล 7,,แสมดำ,เขตบางขุนเทียน,,กรุงเทพฯ,เขต 13 กรุงเทพมหานคร,,หน่วยบริการในระบบหลักประกันสุขภาพแห่งชาติ,,,เอกชน,คลินิก (เอกชน)
6262,53917,,กู้ดเฮลท์ คลินิกเวชกรรม,,วัดท่าพระ,เขตบางกอกใหญ่,,กรุงเทพฯ,เขต 13 กรุงเทพมหานคร,,หน่วยบริการในระบบหลักประกันสุขภาพแห่งชาติ,,,เอกชน,คลินิก (เอกชน)
6265,54091,,ราชพฤกษ์หนองจอกคลินิกเวชกรรม,,โคกแฝด,เขตหนองจอก,,กรุงเทพฯ,เขต 13 กรุงเทพมหานคร,,หน่วยบริการในระบบหลักประกันสุขภาพแห่งชาติ,,,เอกชน,คลินิก (เอกชน)
6266,54104,,คลินิกทันตกรรมสไมล์ซีซันส์ สาขาอารีย์,,สามเสนใน,เขตพญาไท,,กรุงเทพฯ,เขต 13 กรุงเทพมหานคร,,หน่วยบริการในระบบหลักประกันสุขภาพแห่งชาติ,,,เอกชน,คลินิก (เอกชน)
6267,54128,,คลินิกทันตกรรมบ้านเธียรสวน,,อนุสาวรีย์,เขตบางเขน,,กรุงเทพฯ,เขต 13 กรุงเทพมหานคร,,หน่วยบริการในระบบหลักประกันสุขภาพแห่งชาติ,,,เอกชน,คลินิก (เอกชน)
6269,54135,,มิตรอมรคลินิกเวชกรรม สาขาเอกชัย 28,,บางขุนเทียน,เขตจอมทอง,,กรุงเทพฯ,เขต 13 กรุงเทพมหานคร,,หน่วยบริการในระบบหลักประกันสุขภาพแห่งชาติ,,,เอกชน,คลินิก (เอกชน)
6270,54138,,นอร์ทคลินิกเวชกรรม,,คลองถนน,เขตสายไหม,,กรุงเทพฯ,เขต 13 กรุงเทพมหานคร,,หน่วยบริการในระบบหลักประกันสุขภาพแห่งชาติ,,,เอกชน,คลินิก (เอกชน)
6271,54139,,ศิรคลินิกการแพทย์แผนไทย,,สะพานสูง,เขตสะพานสูง,,กรุงเทพฯ,เขต 13 กรุงเทพมหานคร,,หน่วยบริการในระบบหลักประกันสุขภาพแห่งชาติ,,,เอกชน,คลินิก (เอกชน)
6272,54153,,พีบี เมดเทคแคร์ คลินิกเทคนิคการแพทย์,,บางยี่ขัน,เขตบางพลัด,,กรุงเทพฯ,เขต 13 กรุงเทพมหานคร,,หน่วยบริการในระบบหลักประกันสุขภาพแห่งชาติ,,,เอกชน,คลินิก (เอกชน)
6273,54180,,คลินิกทันตกรรมมิสเตอร์เด็นทิสต์ สาขาอ่อนนุช,,อ่อนนุช,เขตสวนหลวง,,กรุงเทพฯ,เขต 13 กรุงเทพมหานคร,,หน่วยบริการในระบบหลักประกันสุขภาพแห่งชาติ,,,เอกชน,คลินิก (เอกชน)
6274,54201,,คลินิกเวชกรรมปันรักษ์,,ประเวศ,เขตประเวศ,,กรุงเทพฯ,เขต 13 กรุงเทพมหานคร,,หน่วยบริการในระบบหลักประกันสุขภาพแห่งชาติ,,,เอกชน,คลินิก (เอกชน)
6275,54207,,ไอเมอรี่คลินิกการพยาบาลและการผดุงครรภ์,,บางยี่เรือ,เขตธนบุรี,,กรุงเทพฯ,เขต 13 กรุงเทพมหานคร,,หน่วยบริการในระบบหลักประกันสุขภาพแห่งชาติ,,,เอกชน,คลินิก (เอกชน)
6277,54234,,พบหมอคลองสานคลินิกเวชกรรม,,สมเด็จเจ้าพระยา,เขตคลองสาน,,กรุงเทพฯ,เขต 13 กรุงเทพมหานคร,,หน่วยบริการในระบบหลักประกันสุขภาพแห่งชาติ,,,เอกชน,คลินิก (เอกชน)
6279,54252,,คลินิกเวชกรรมพัฒนรักษ์,,แสมดำ,เขตบางขุนเทียน,,กรุงเทพฯ,เขต 13 กรุงเทพมหานคร,,หน่วยบริการในระบบหลักประกันสุขภาพแห่งชาติ,,,เอกชน,คลินิก (เอกชน)
6280,54273,,คลินิกเวชกรรมพุฒธาดา เพชรเกษม 39/1,,บางหว้า,เขตภาษีเจริญ,,กรุงเทพฯ,เขต 13 กรุงเทพมหานคร,,หน่วยบริการในระบบหลักประกันสุขภาพแห่งชาติ,,,เอกชน,คลินิก (เอกชน)
6283,54291,,คลินิกทันตกรรมยิ้มหวาน,,ลาดกระบัง,เขตลาดกระบัง,,กรุงเทพฯ,เขต 13 กรุงเทพมหานคร,,หน่วยบริการในระบบหลักประกันสุขภาพแห่งชาติ,,,เอกชน,คลินิก (เอกชน)
6284,54305,,ทัช สไมล์ คลินิกทันตกรรม,,กระทุ่มราย,เขตหนองจอก,,กรุงเทพฯ,เขต 13 กรุงเทพมหานคร,,หน่วยบริการในระบบหลักประกันสุขภาพแห่งชาติ,,,เอกชน,คลินิก (เอกชน)
6286,54320,,ณลิน คลินิกกายภาพบำบัด,,แสมดำ,เขตบางขุนเทียน,,กรุงเทพฯ,เขต 13 กรุงเทพมหานคร,,หน่วยบริการในระบบหลักประกันสุขภาพแห่งชาติ,,,เอกชน,คลินิก (เอกชน)
6287,54340,,เฮลท์สเฟียร์ สหคลินิก,,พญาไท,เขตพญาไท,,กรุงเทพฯ,เขต 13 กรุงเทพมหานคร,,หน่วยบริการในระบบหลักประกันสุขภาพแห่งชาติ,,,เอกชน,คลินิก (เอกชน)
6288,54351,,คลินิกทันตกรรม แฮปปี้ทูธ,,ประเวศ,เขตประเวศ,,กรุงเทพฯ,เขต 13 กรุงเทพมหานคร,,หน่วยบริการในระบบหลักประกันสุขภาพแห่งชาติ,,,เอกชน,คลินิก (เอกชน)
6289,54393,,ชนเปี่ยมสุขคลินิกเวชกรรม,,มีนบุรี,เขตมีนบุรี,,กรุงเทพฯ,เขต 13 กรุงเทพมหานคร,,หน่วยบริการในระบบหลักประกันสุขภาพแห่งชาติ,,,เอกชน,คลินิก (เอกชน)
6292,54481,,คลินิกเวชกรรมหมอกษมพล กทม.,,ถนนพญาไท,เขตราชเทวี,,กรุงเทพฯ,เขต 13 กรุงเทพมหานคร,,หน่วยบริการในระบบหลักประกันสุขภาพแห่งชาติ,,,เอกชน,คลินิก (เอกชน)
6294,54529,,อุ่นใจคลินิกเวชกรรม,,สายไหม,เขตสายไหม,,กรุงเทพฯ,เขต 13 กรุงเทพมหานคร,,หน่วยบริการในระบบหลักประกันสุขภาพแห่งชาติ,,,เอกชน,คลินิก (เอกชน)
6295,54536,,เสรีไทยคลินิกเวชกรรม,,คลองกุ่ม,เขตบึงกุ่ม,,กรุงเทพฯ,เขต 13 กรุงเทพมหานคร,,หน่วยบริการในระบบหลักประกันสุขภาพแห่งชาติ,,,เอกชน,คลินิก (เอกชน)
6297,54554,,คลินิกทันตกรรมเอ็กซ์ดีซี,,บางจาก,เขตพระโขนง,,กรุงเทพฯ,เขต 13 กรุงเทพมหานคร,,หน่วยบริการในระบบหลักประกันสุขภาพแห่งชาติ,,,เอกชน,คลินิก (เอกชน)
6304,54651,,คลินิกทันตกรรมร่วมมิตร 2,,จอมพล,เขตจตุจักร,,กรุงเทพฯ,เขต 13 กรุงเทพมหานคร,,หน่วยบริการในระบบหลักประกันสุขภาพแห่งชาติ,,,เอกชน,คลินิก (เอกชน)
6305,54653,,คินเวลเนสสหคลินิก,,ลาดพร้าว,เขตลาดพร้าว,,กรุงเทพฯ,เขต 13 กรุงเทพมหานคร,,หน่วยบริการในระบบหลักประกันสุขภาพแห่งชาติ,,,เอกชน,คลินิก (เอกชน)
6310,54689,,อัญญา คลินิกการแพทย์แผนไทย,,บางนา,เขตบางนา,,กรุงเทพฯ,เขต 13 กรุงเทพมหานคร,,หน่วยบริการในระบบหลักประกันสุขภาพแห่งชาติ,,,เอกชน,คลินิก (เอกชน)
6314,54701,,กายมีสุข คลินิกเวชกรรม,,ทุ่งครุ,เขตทุ่งครุ,,กรุงเทพฯ,เขต 13 กรุงเทพมหานคร,,หน่วยบริการในระบบหลักประกันสุขภาพแห่งชาติ,,,เอกชน,คลินิก (เอกชน)
6325,54733,,คลินิกทันตกรรมรักษ์ยิ้ม,,ตลาดบางเขน,เขตหลักสี่,,กรุงเทพฯ,เขต 13 กรุงเทพมหานคร,,หน่วยบริการในระบบหลักประกันสุขภาพแห่งชาติ,,,เอกชน,คลินิก (เอกชน)
6340,54843,,คลินิกทันตกรรมเดนทัลพาร์ค,,คลองกุ่ม,เขตบึงกุ่ม,,กรุงเทพฯ,เขต 13 กรุงเทพมหานคร,,หน่วยบริการในระบบหลักประกันสุขภาพแห่งชาติ,,,เอกชน,คลินิก (เอกชน)
6382,55114,,แคร์ดีคลินิกเฉพาะทางด้านเวชกรรมหลอดเลือด,,จันทรเกษม,เขตจตุจักร,,กรุงเทพฯ,เขต 13 กรุงเทพมหานคร,,หน่วยบริการในระบบหลักประกันสุขภาพแห่งชาติ,,,เอกชน,คลินิก (เอกชน)
6388,55162,,คลินิกทันตกรรมลอฟท์สตูดิโอ,,อนุสาวรีย์,เขตบางเขน,,กรุงเทพฯ,เขต 13 กรุงเทพมหานคร,,หน่วยบริการในระบบหลักประกันสุขภาพแห่งชาติ,,,เอกชน,คลินิก (เอกชน)
6418,55442,,คลองสามวา คลินิกเวชกรรม,,บางชัน,เขตคลองสามวา,,กรุงเทพฯ,เขต 13 กรุงเทพมหานคร,,หน่วยบริการในระบบหลักประกันสุขภาพแห่งชาติ,,,เอกชน,คลินิก (เอกชน)
6420,55445,,บุษราคัมคลินิกการแพทย์แผนไทย,,ท่าแร้ง,เขตบางเขน,,กรุงเทพฯ,เขต 13 กรุงเทพมหานคร,,หน่วยบริการในระบบหลักประกันสุขภาพแห่งชาติ,,,เอกชน,คลินิก (เอกชน)
6422,55449,,ปัฐวิกรณ์ 72 คลินิกเวชกรรม,,คลองกุ่ม,เขตบึงกุ่ม,,กรุงเทพฯ,เขต 13 กรุงเทพมหานคร,,หน่วยบริการในระบบหลักประกันสุขภาพแห่งชาติ,,,เอกชน,คลินิก (เอกชน)
6430,55516,,ลิษาคลินิกทันตกรรม,,ลาดยาว,เขตจตุจักร,,กรุงเทพฯ,เขต 13 กรุงเทพมหานคร,,หน่วยบริการในระบบหลักประกันสุขภาพแห่งชาติ,,,เอกชน,คลินิก (เอกชน)
6439,55558,,บ้านแสนสุขคลินิกเวชกรรม สาขาตลาดจอมทอง,,จอมทอง,เขตจอมทอง,,กรุงเทพฯ,เขต 13 กรุงเทพมหานคร,,หน่วยบริการในระบบหลักประกันสุขภาพแห่งชาติ,,,เอกชน,คลินิก (เอกชน)
6441,55574,,ลิษาคลินิกทันตกรรม สาขาสะพานใหม่,,คลองถนน,เขตสายไหม,,กรุงเทพฯ,เขต 13 กรุงเทพมหานคร,,หน่วยบริการในระบบหลักประกันสุขภาพแห่งชาติ,,,เอกชน,คลินิก (เอกชน)
6445,55621,,อุ่นไอรักคลินิกเวชกรรม สาขาลาซาล,,บางนาใต้,เขตบางนา,,กรุงเทพฯ,เขต 13 กรุงเทพมหานคร,,หน่วยบริการในระบบหลักประกันสุขภาพแห่งชาติ,,,เอกชน,คลินิก (เอกชน)
6447,55636,,พหล 77 คลินิกเวชกรรม,,สีกัน,เขตดอนเมือง,,กรุงเทพฯ,เขต 13 กรุงเทพมหานคร,,หน่วยบริการในระบบหลักประกันสุขภาพแห่งชาติ,,,เอกชน,คลินิก (เอกชน)
6448,55644,,โอเอ็มดีสหคลินิก สาขาสาทร,,วัดพระยาไกร,เขตบางคอแหลม,,กรุงเทพฯ,เขต 13 กรุงเทพมหานคร,,หน่วยบริการในระบบหลักประกันสุขภาพแห่งชาติ,,,เอกชน,คลินิก (เอกชน)
6454,55729,,คลินิกเทคนิคการเเพทย์ บี.แล็บ,,หัวหมาก,เขตบางกะปิ,,กรุงเทพฯ,เขต 13 กรุงเทพมหานคร,,หน่วยบริการในระบบหลักประกันสุขภาพแห่งชาติ,,,เอกชน,คลินิก (เอกชน)
6459,55819,,เอ็นเฮลท์โนโวยีน จีโนมิกส์ คลินิกเทคนิคการแพทย์,,บางกะปิ,เขตห้วยขวาง,,กรุงเทพฯ,เขต 13 กรุงเทพมหานคร,,หน่วยบริการในระบบหลักประกันสุขภาพแห่งชาติ,,,เอกชน,คลินิก (เอกชน)
6461,55841,,ทอรักคลินิกทันตกรรม,,สายไหม,เขตสายไหม,,กรุงเทพฯ,เขต 13 กรุงเทพมหานคร,,หน่วยบริการในระบบหลักประกันสุขภาพแห่งชาติ,,,เอกชน,คลินิก (เอกชน)
6464,55890,,คลินิกทันตกรรมคราวน์เด็นทัล,,จันทรเกษม,เขตจตุจักร,,กรุงเทพฯ,เขต 13 กรุงเทพมหานคร,,หน่วยบริการในระบบหลักประกันสุขภาพแห่งชาติ,,,เอกชน,คลินิก (เอกชน)
6467,55900,,คลินิกทันตกรรมไอดีซี,,บางมด,เขตจอมทอง,,กรุงเทพฯ,เขต 13 กรุงเทพมหานคร,,หน่วยบริการในระบบหลักประกันสุขภาพแห่งชาติ,,,เอกชน,คลินิก (เอกชน)
6468,55928,,พิชญาคลินิกเวชกรรม,,สายไหม,เขตสายไหม,,กรุงเทพฯ,เขต 13 กรุงเทพมหานคร,,หน่วยบริการในระบบหลักประกันสุขภาพแห่งชาติ,,,เอกชน,คลินิก (เอกชน)
6469,55975,,นายโรงคลินิกการแพทย์แผนไทย,,อรุณอมรินทร์,เขตบางกอกน้อย,,กรุงเทพฯ,เขต 13 กรุงเทพมหานคร,,หน่วยบริการในระบบหลักประกันสุขภาพแห่งชาติ,,,เอกชน,คลินิก (เอกชน)
6470,55977,,คลินิกทันตกรรมไพรมารี่,,หนองบอน,เขตประเวศ,,กรุงเทพฯ,เขต 13 กรุงเทพมหานคร,,หน่วยบริการในระบบหลักประกันสุขภาพแห่งชาติ,,,เอกชน,คลินิก (เอกชน)
6475,56029,,แพทย์วิษณุคลินิกเวชกรรม,,บางซื่อ,เขตบางซื่อ,,กรุงเทพฯ,เขต 13 กรุงเทพมหานคร,,หน่วยบริการในระบบหลักประกันสุขภาพแห่งชาติ,,,เอกชน,คลินิก (เอกชน)
6477,56042,,รักษ์ดี คลินิกเวชกรรม,,บางชัน,เขตคลองสามวา,,กรุงเทพฯ,เขต 13 กรุงเทพมหานคร,,หน่วยบริการในระบบหลักประกันสุขภาพแห่งชาติ,,,เอกชน,คลินิก (เอกชน)
6478,56047,,หนองจอกหทัยราษฎร์คลินิกเวชกรรม,,โคกแฝด,เขตหนองจอก,,กรุงเทพฯ,เขต 13 กรุงเทพมหานคร,,หน่วยบริการในระบบหลักประกันสุขภาพแห่งชาติ,,,เอกชน,คลินิก (เอกชน)
6479,56065,,พีซีที ลาบอราตอรี่ เซอร์วิส คลินิกเทคนิคการแพทย์ สาขามีนบุรี,,มีนบุรี,เขตมีนบุรี,,กรุงเทพฯ,เขต 13 กรุงเทพมหานคร,,หน่วยบริการในระบบหลักประกันสุขภาพแห่งชาติ,,,เอกชน,คลินิก (เอกชน)
6482,77416,,โรงพยาบาลบุษราคัมจิตการุณย์,,ออเงิน,เขตสายไหม,,กรุงเทพฯ,เขต 13 กรุงเทพมหานคร,,หน่วยบริการในระบบหลักประกันสุขภาพแห่งชาติ,,,รัฐนอก สธ.,หน่วยงานรัฐ นอก สธ. อื่น ๆ
6486,77468,,โรงพยาบาลนพรัตนราชธานี คุ้มเกล้า,,แสนแสบ,เขตมีนบุรี,,กรุงเทพฯ,เขต 13 กรุงเทพมหานคร,,หน่วยบริการในระบบหลักประกันสุขภาพแห่งชาติ,,,รัฐในสธ.(นอก สป.),สังกัดกรมการแพทย์
6487,77486,,โรงพยาบาลมิราเคิลออฟไลฟ์,,จตุจักร,เขตจตุจักร,,กรุงเทพฯ,เขต 13 กรุงเทพมหานคร,,หน่วยบริการในระบบหลักประกันสุขภาพแห่งชาติ,,,รัฐในสธ.(นอก สป.),สังกัดกรมการแพทย์
6488,77525,,สำนักงานชันสูตรสาธารณสุข,,บางโพงพาง,เขตยานนาวา,,กรุงเทพฯ,เขต 13 กรุงเทพมหานคร,,หน่วยบริการในระบบหลักประกันสุขภาพแห่งชาติ,,,รัฐนอก สธ.,สังกัดกรุงเทพมหานคร
6493,77646,,หน่วยบริการปฐมภูมิวัดยาง,,สวนหลวง,เขตสวนหลวง,,กรุงเทพฯ,เขต 13 กรุงเทพมหานคร,,หน่วยบริการในระบบหลักประกันสุขภาพแห่งชาติ,,,รัฐในสธ.(นอก สป.),สังกัดกรมการแพทย์
6495,77665,,โรงพยาบาลการแพทย์แผนไทยและการแพทย์ผสมผสาน,,คลองมหานาค,เขตป้อมปราบศัตรูพ่าย,,กรุงเทพฯ,เขต 13 กรุงเทพมหานคร,,หน่วยบริการในระบบหลักประกันสุขภาพแห่งชาติ,,,รัฐในสธ.(นอก สป.),สังกัดกรมการแพทย์แผนไทยและการแพทย์ทางเลือก
6496,99727,,คลินิกปฐมภูมิเขตเมืองวชิรพยาบาล,,วชิรพยาบาล,เขตดุสิต,,กรุงเทพฯ,เขต 13 กรุงเทพมหานคร,,หน่วยบริการในระบบหลักประกันสุขภาพแห่งชาติ,,,รัฐนอก สธ.,สังกัดกรุงเทพมหานคร
